sku,store_view_code,attribute_set_code,product_type,categories,name,description,short_description,weight,product_online,tax_class_name,visibility,price,special_price,special_price_from_date,special_price_to_date,url_key,meta_title,meta_keywords,meta_description,base_image,base_image_label,small_image,small_image_label,thumbnail_image,thumbnail_image_label,created_at,updated_at,new_from_date,new_to_date,map_price,msrp_price,map_enabled,qty,out_of_stock_qty,website_id,product_websites,manage_stock,use_config_manage_stock,errors
56R15214,,Default,simple,"Default Category/Shopping Bags/Place Holder","Cel-O 30""x1500' Celestial Gold","Cel-O 30""x1500' Celestial Gold",,0,1,"Taxable Goods","Catalog, Search",151.56,,,,"cel-o-30""x1500'-celestial-gold-56R15214",,,,/56R15214_base.jpg,"Cel-O 30""x1500' Celestial Gold base image",/56R15214_base.jpg,"Cel-O 30""x1500' Celestial Gold small image",/56R15214_base.jpg,"Cel-O 30""x1500' Celestial Gold thumbnail",,,,,,,,1,0,1,base,0,0,"Imported resource (image) could not be downloaded from external resource due to timeout or access permissions"
56R1557,,Default,simple,"Default Category/Shopping Bags/Place Holder","Cel-O 30""x100' Baby Toys","Cel-O 30""x100' Baby Toys",,0,1,"Taxable Goods","Catalog, Search",10.63,,,,"cel-o-30""x100'-baby-toys-56R1557",,,,/56R1557_base.jpg,"Cel-O 30""x100' Baby Toys base image",/56R1557_base.jpg,"Cel-O 30""x100' Baby Toys small image",/56R1557_base.jpg,"Cel-O 30""x100' Baby Toys thumbnail",,,,,,,,1,0,1,base,0,0,"Imported resource (image) could not be downloaded from external resource due to timeout or access permissions"
56R1698,,Default,simple,"Default Category/Shopping Bags/Place Holder","Cel-O 30""x100' Scrapbook Baby","Cel-O 30""x100' Scrapbook Baby",,0,1,"Taxable Goods","Catalog, Search",10.63,,,,"cel-o-30""x100'-scrapbook-baby-56R1698",,,,/56R1698_base.jpg,"Cel-O 30""x100' Scrapbook Baby base image",/56R1698_base.jpg,"Cel-O 30""x100' Scrapbook Baby small image",/56R1698_base.jpg,"Cel-O 30""x100' Scrapbook Baby thumbnail",,,,,,,,1,0,1,base,0,0,"Imported resource (image) could not be downloaded from external resource due to timeout or access permissions"
56R1700,,Default,simple,"Default Category/Shopping Bags/Place Holder","Cel-O 30""x100' Hide N Seek","Cel-O 30""x100' Hide N Seek",,0,1,"Taxable Goods","Catalog, Search",10.63,,,,"cel-o-30""x100'-hide-n-seek-56R1700",,,,/56R1700_base.jpg,"Cel-O 30""x100' Hide N Seek base image",/56R1700_base.jpg,"Cel-O 30""x100' Hide N Seek small image",/56R1700_base.jpg,"Cel-O 30""x100' Hide N Seek thumbnail",,,,,,,,1,0,1,base,0,0,"Imported resource (image) could not be downloaded from external resource due to timeout or access permissions"
56R1803,,Default,simple,"Default Category/Shopping Bags/Place Holder","Cel-O 30""x100' Floral Graffiti","Cel-O 30""x100' Floral Graffiti",,0,1,"Taxable Goods","Catalog, Search",10.63,,,,"cel-o-30""x100'-floral-graffiti-56R1803",,,,/56R1803_base.jpg,"Cel-O 30""x100' Floral Graffiti base image",/56R1803_base.jpg,"Cel-O 30""x100' Floral Graffiti small image",/56R1803_base.jpg,"Cel-O 30""x100' Floral Graffiti thumbnail",,,,,,,,1,0,1,base,0,0,"Imported resource (image) could not be downloaded from external resource due to timeout or access permissions"
56R4006,,Default,simple,"Default Category/Shopping Bags/Place Holder","Cel-O 40""x100' Snowflakes","Cel-O 40""x100' Snowflakes",,0,1,"Taxable Goods","Catalog, Search",13.24,,,,"cel-o-40""x100'-snowflakes-56R4006",,,,/56R4006_base.jpg,"Cel-O 40""x100' Snowflakes base image",/56R4006_base.jpg,"Cel-O 40""x100' Snowflakes small image",/56R4006_base.jpg,"Cel-O 40""x100' Snowflakes thumbnail",,,,,,,,1,0,1,base,0,0,"Imported resource (image) could not be downloaded from external resource due to timeout or access permissions"
56R4007,,Default,simple,"Default Category/Shopping Bags/Place Holder","Cel-O 40""x100' Harvest Leaves","Cel-O 40""x100' Harvest Leaves",,0,1,"Taxable Goods","Catalog, Search",13.24,,,,"cel-o-40""x100'-harvest-leaves-56R4007",,,,/56R4007_base.jpg,"Cel-O 40""x100' Harvest Leaves base image",/56R4007_base.jpg,"Cel-O 40""x100' Harvest Leaves small image",/56R4007_base.jpg,"Cel-O 40""x100' Harvest Leaves thumbnail",,,,,,,,1,0,1,base,0,0,"Imported resource (image) could not be downloaded from external resource due to timeout or access permissions"
56R4114,,Default,simple,"Default Category/Shopping Bags/Place Holder","Cel-O 40""x100' Heart Strings","Cel-O 40""x100' Heart Strings",,0,1,"Taxable Goods","Catalog, Search",13.24,,,,"cel-o-40""x100'-heart-strings-56R4114",,,,/56R4114_base.jpg,"Cel-O 40""x100' Heart Strings base image",/56R4114_base.jpg,"Cel-O 40""x100' Heart Strings small image",/56R4114_base.jpg,"Cel-O 40""x100' Heart Strings thumbnail",,,,,,,,1,0,1,base,0,0,"Imported resource (image) could not be downloaded from external resource due to timeout or access permissions"
56R4117,,Default,simple,"Default Category/Shopping Bags/Place Holder","Cel-O 40""x100' Lots of Love","Cel-O 40""x100' Lots of Love",,0,1,"Taxable Goods","Catalog, Search",13.24,,,,"cel-o-40""x100'-lots-of-love-56R4117",,,,/56R4117_base.jpg,"Cel-O 40""x100' Lots of Love base image",/56R4117_base.jpg,"Cel-O 40""x100' Lots of Love small image",/56R4117_base.jpg,"Cel-O 40""x100' Lots of Love thumbnail",,,,,,,,1,0,1,base,0,0,"Imported resource (image) could not be downloaded from external resource due to timeout or access permissions"
56R4138,,Default,simple,"Default Category/Shopping Bags/Place Holder","Cel-O 40""x100' Flower Pots","Cel-O 40""x100' Flower Pots",,0,1,"Taxable Goods","Catalog, Search",13.24,,,,"cel-o-40""x100'-flower-pots-56R4138",,,,/56R4138_base.jpg,"Cel-O 40""x100' Flower Pots base image",/56R4138_base.jpg,"Cel-O 40""x100' Flower Pots small image",/56R4138_base.jpg,"Cel-O 40""x100' Flower Pots thumbnail",,,,,,,,1,0,1,base,0,0,"Imported resource (image) could not be downloaded from external resource due to timeout or access permissions"
56R4181,,Default,simple,"Default Category/Shopping Bags/Place Holder","Cel-O 40""x100' Conversation","Cel-O 40""x100' Conversation",,0,1,"Taxable Goods","Catalog, Search",13.24,,,,"cel-o-40""x100'-conversation-56R4181",,,,/56R4181_base.jpg,"Cel-O 40""x100' Conversation base image",/56R4181_base.jpg,"Cel-O 40""x100' Conversation small image",/56R4181_base.jpg,"Cel-O 40""x100' Conversation thumbnail",,,,,,,,1,0,1,base,0,0,"Imported resource (image) could not be downloaded from external resource due to timeout or access permissions"
56R4200H,,Default,simple,"Default Category/Shopping Bags/Place Holder","Cel-O 40""x100' Trick or Treat","Cel-O 40""x100' Trick or Treat",,0,1,"Taxable Goods","Catalog, Search",13.24,,,,"cel-o-40""x100'-trick-or-treat-56R4200H",,,,/56R4200H_base.jpg,"Cel-O 40""x100' Trick or Treat base image",/56R4200H_base.jpg,"Cel-O 40""x100' Trick or Treat small image",/56R4200H_base.jpg,"Cel-O 40""x100' Trick or Treat thumbnail",,,,,,,,1,0,1,base,0,0,"Imported resource (image) could not be downloaded from external resource due to timeout or access permissions"
56R4215,,Default,simple,"Default Category/Shopping Bags/Place Holder","Cel-O 40""x100' Candy Canes","Cel-O 40""x100' Candy Canes",,0,1,"Taxable Goods","Catalog, Search",13.24,,,,"cel-o-40""x100'-candy-canes-56R4215",,,,/56R4215_base.jpg,"Cel-O 40""x100' Candy Canes base image",/56R4215_base.jpg,"Cel-O 40""x100' Candy Canes small image",/56R4215_base.jpg,"Cel-O 40""x100' Candy Canes thumbnail",,,,,,,,1,0,1,base,0,0,"Imported resource (image) could not be downloaded from external resource due to timeout or access permissions"
56R4232,,Default,simple,"Default Category/No web item","Cel-O 40""x100' Green Trees","<div><font color=#000000 size=2 face=""Verdana, Helvetica"">
<p style=""LINE-HEIGHT: 14pt""><font size=2><span style=""FONT-FAMILY: Verdana""><font size=1><font size=2>Order&nbsp;Printed Polypropylene&nbsp;by the roll.<br><span style=""FONT-FAMILY: 'Verdana','sans-serif'"">Roll&nbsp;sizes are listed below.</span>&nbsp;</font></font></span></font></p></font></div>","Printed Polypropylene Rolls",1.679,0,"Taxable Goods","Catalog, Search",13.24,,,,"cel-o-40""x100'-green-trees-56R4232","Printed Polypropylene Rolls, Retail Packaging Supplies","printed polypropylene rolls","Printed polypropylene rolls and retail packaging supplies for sale online, order printed polypropylene rolls in a variety of festive and holiday prints for your retail store packaging needs.",/56R4232_base.jpg,"Cel-O 40""x100' Green Trees base image",/56R4232_base.jpg,"Cel-O 40""x100' Green Trees small image",/56R4232_base.jpg,"Cel-O 40""x100' Green Trees thumbnail",,,,,,,,1,0,1,base,0,0,"Imported resource (image) could not be downloaded from external resource due to timeout or access permissions"
56R4271,,Default,simple,"Default Category/Shopping Bags/Place Holder","Cel-O 40""x100' Blooming Dots -","Cel-O 40""x100' Blooming Dots -",,0,1,"Taxable Goods","Catalog, Search",13.24,,,,"cel-o-40""x100'-blooming-dots---56R4271",,,,/56R4271_base.jpg,"Cel-O 40""x100' Blooming Dots - base image",/56R4271_base.jpg,"Cel-O 40""x100' Blooming Dots - small image",/56R4271_base.jpg,"Cel-O 40""x100' Blooming Dots - thumbnail",,,,,,,,1,0,1,base,0,0,"Imported resource (image) could not be downloaded from external resource due to timeout or access permissions"
56R4300,,Default,simple,"Default Category/Shopping Bags/Place Holder","Cel-O 40""x100' Merry Penguins","<div><font color=#000000 size=2 face=""Verdana, Helvetica"">
<p style=""LINE-HEIGHT: 14pt""><font size=2><span style=""FONT-FAMILY: Verdana""><font size=1><font size=2>Order&nbsp;Printed Polypropylene&nbsp;by the roll.<br><span style=""FONT-FAMILY: 'Verdana','sans-serif'"">Roll&nbsp;sizes are listed below.</span>&nbsp;</font></font></span></font></p></font></div>","Printed Polypropylene Rolls",1.679,1,"Taxable Goods","Catalog, Search",13.24,,,,"cel-o-40""x100'-merry-penguins-56R4300","Printed Polypropylene Rolls, Retail Packaging Supplies","printed polypropylene rolls","Printed polypropylene rolls and retail packaging supplies for sale online, order printed polypropylene rolls in a variety of festive and holiday prints for your retail store packaging needs.",/56R4300_base.jpg,"Cel-O 40""x100' Merry Penguins base image",/56R4300_base.jpg,"Cel-O 40""x100' Merry Penguins small image",/56R4300_base.jpg,"Cel-O 40""x100' Merry Penguins thumbnail",,,,,,,,1,0,1,base,0,0,"Imported resource (image) could not be downloaded from external resource due to timeout or access permissions"
56R4301,,Default,simple,"Default Category/Shopping Bags/Place Holder","Cel-O 40""x100' Vertical","Cel-O 40""x100' Vertical",,0,1,"Taxable Goods","Catalog, Search",13.24,,,,"cel-o-40""x100'-vertical-56R4301",,,,/56R4301_base.jpg,"Cel-O 40""x100' Vertical base image",/56R4301_base.jpg,"Cel-O 40""x100' Vertical small image",/56R4301_base.jpg,"Cel-O 40""x100' Vertical thumbnail",,,,,,,,1,0,1,base,0,0,"Imported resource (image) could not be downloaded from external resource due to timeout or access permissions"
56R4303,,Default,simple,"Default Category/No web item","Cel-O 40""x100' Vertical","Cel-O 40""x100' Vertical",,0,0,"Taxable Goods","Catalog, Search",13.24,,,,"cel-o-40""x100'-vertical-56R4303",,,,/56R4303_base.jpg,"Cel-O 40""x100' Vertical base image",/56R4303_base.jpg,"Cel-O 40""x100' Vertical small image",/56R4303_base.jpg,"Cel-O 40""x100' Vertical thumbnail",,,,,,,,1,0,1,base,0,0,"Imported resource (image) could not be downloaded from external resource due to timeout or access permissions"
56R4308,,Default,simple,"Default Category/Shopping Bags/Place Holder","Cel-O 40""x100' Vertical","Cel-O 40""x100' Vertical",,0,1,"Taxable Goods","Catalog, Search",13.24,,,,"cel-o-40""x100'-vertical-56R4308",,,,/56R4308_base.jpg,"Cel-O 40""x100' Vertical base image",/56R4308_base.jpg,"Cel-O 40""x100' Vertical small image",/56R4308_base.jpg,"Cel-O 40""x100' Vertical thumbnail",,,,,,,,1,0,1,base,0,0,"Imported resource (image) could not be downloaded from external resource due to timeout or access permissions"
56R4315,,Default,simple,"Default Category/Shopping Bags/Place Holder","Cel-O 40""x100' Celebrate","<div><font color=#000000 size=2 face=""Verdana, Helvetica"">
<p style=""LINE-HEIGHT: 14pt""><font size=2><span style=""FONT-FAMILY: Verdana""><font size=1><font size=2>Order&nbsp;Printed Polypropylene&nbsp;by the roll.<br><span style=""FONT-FAMILY: 'Verdana','sans-serif'"">Roll&nbsp;sizes are listed below.</span>&nbsp;</font></font></span></font></p></font></div>","Printed Polypropylene Rolls",1.679,1,"Taxable Goods","Catalog, Search",13.24,,,,"cel-o-40""x100'-celebrate-56R4315","Printed Polypropylene Rolls, Retail Packaging Supplies","printed polypropylene rolls","Printed polypropylene rolls and retail packaging supplies for sale online, order printed polypropylene rolls in a variety of festive and holiday prints for your retail store packaging needs.",/56R4315_base.jpg,"Cel-O 40""x100' Celebrate base image",/56R4315_base.jpg,"Cel-O 40""x100' Celebrate small image",/56R4315_base.jpg,"Cel-O 40""x100' Celebrate thumbnail",,,,,,,,1,0,1,base,0,0,"Imported resource (image) could not be downloaded from external resource due to timeout or access permissions"
56R4325,,Default,simple,"Default Category/Shopping Bags/Place Holder","Cel-O 40""x100' Flower Groove","Cel-O 40""x100' Flower Groove",,0,1,"Taxable Goods","Catalog, Search",13.24,,,,"cel-o-40""x100'-flower-groove-56R4325",,,,/56R4325_base.jpg,"Cel-O 40""x100' Flower Groove base image",/56R4325_base.jpg,"Cel-O 40""x100' Flower Groove small image",/56R4325_base.jpg,"Cel-O 40""x100' Flower Groove thumbnail",,,,,,,,1,0,1,base,0,0,"Imported resource (image) could not be downloaded from external resource due to timeout or access permissions"
56R4332,,Default,simple,"Default Category/Shopping Bags/Place Holder","Cel-O 40""x100' Java Time","Cel-O 40""x100' Java Time",,0,1,"Taxable Goods","Catalog, Search",13.24,,,,"cel-o-40""x100'-java-time-56R4332",,,,/56R4332_base.jpg,"Cel-O 40""x100' Java Time base image",/56R4332_base.jpg,"Cel-O 40""x100' Java Time small image",/56R4332_base.jpg,"Cel-O 40""x100' Java Time thumbnail",,,,,,,,1,0,1,base,0,0,"Imported resource (image) could not be downloaded from external resource due to timeout or access permissions"
56R4401,,Default,simple,"Default Category/Shopping Bags/Place Holder","Cel-O 40""x100' Paw Prints","Cel-O 40""x100' Paw Prints",,0,1,"Taxable Goods","Catalog, Search",13.24,,,,"cel-o-40""x100'-paw-prints-56R4401",,,,/56R4401_base.jpg,"Cel-O 40""x100' Paw Prints base image",/56R4401_base.jpg,"Cel-O 40""x100' Paw Prints small image",/56R4401_base.jpg,"Cel-O 40""x100' Paw Prints thumbnail",,,,,,,,1,0,1,base,0,0,"Imported resource (image) could not be downloaded from external resource due to timeout or access permissions"
56R4409,,Default,simple,"Default Category/Shopping Bags/Place Holder","Cel-O 40""x100' Patriotic","Cel-O 40""x100' Patriotic",,0,1,"Taxable Goods","Catalog, Search",13.24,,,,"cel-o-40""x100'-patriotic-56R4409",,,,/56R4409_base.jpg,"Cel-O 40""x100' Patriotic base image",/56R4409_base.jpg,"Cel-O 40""x100' Patriotic small image",/56R4409_base.jpg,"Cel-O 40""x100' Patriotic thumbnail",,,,,,,,1,0,1,base,0,0,"Imported resource (image) could not be downloaded from external resource due to timeout or access permissions"
56R4513,,Default,simple,"Default Category/Shopping Bags/Place Holder","Cel-O 40""x100' Diagonal Stripe","<div><font color=#000000 size=2 face=""Verdana, Helvetica"">
<p style=""LINE-HEIGHT: 14pt""><font size=2><span style=""FONT-FAMILY: Verdana""><font size=1><font size=2>Order&nbsp;Printed Polypropylene&nbsp;by the roll.<br><span style=""FONT-FAMILY: 'Verdana','sans-serif'"">Roll&nbsp;sizes are listed below.</span>&nbsp;</font></font></span></font></p></font></div>","Printed Polypropylene Rolls",1.679,1,"Taxable Goods","Catalog, Search",13.24,,,,"cel-o-40""x100'-diagonal-stripe-56R4513","Printed Polypropylene Rolls, Retail Packaging Supplies","printed polypropylene rolls","Printed polypropylene rolls and retail packaging supplies for sale online, order printed polypropylene rolls in a variety of festive and holiday prints for your retail store packaging needs.",/56R4513_base.jpg,"Cel-O 40""x100' Diagonal Stripe base image",/56R4513_base.jpg,"Cel-O 40""x100' Diagonal Stripe small image",/56R4513_base.jpg,"Cel-O 40""x100' Diagonal Stripe thumbnail",,,,,,,,1,0,1,base,0,0,"Imported resource (image) could not be downloaded from external resource due to timeout or access permissions"
56R4518,,Default,simple,"Default Category/No web item","Cel-O 40""x100' Gold Stars","<div><font color=#000000 size=2 face=""Verdana, Helvetica"">
<p style=""LINE-HEIGHT: 14pt""><font size=2><span style=""FONT-FAMILY: Verdana""><font size=1><font size=2>Order&nbsp;Printed Polypropylene&nbsp;by the roll.<br><span style=""FONT-FAMILY: 'Verdana','sans-serif'"">Roll&nbsp;sizes are listed below.</span>&nbsp;</font></font></span></font></p></font></div>","Printed Polypropylene Rolls",1.679,0,"Taxable Goods","Catalog, Search",13.24,,,,"cel-o-40""x100'-gold-stars-56R4518","Printed Polypropylene Rolls, Retail Packaging Supplies","printed polypropylene rolls","Printed polypropylene rolls and retail packaging supplies for sale online, order printed polypropylene rolls in a variety of festive and holiday prints for your retail store packaging needs.",/56R4518_base.jpg,"Cel-O 40""x100' Gold Stars base image",/56R4518_base.jpg,"Cel-O 40""x100' Gold Stars small image",/56R4518_base.jpg,"Cel-O 40""x100' Gold Stars thumbnail",,,,,,,,1,0,1,base,0,0,"Imported resource (image) could not be downloaded from external resource due to timeout or access permissions"
56R4557,,Default,simple,"Default Category/Shopping Bags/Place Holder","Cel-O 40""x100' Baby Toys","Cel-O 40""x100' Baby Toys",,0,1,"Taxable Goods","Catalog, Search",13.24,,,,"cel-o-40""x100'-baby-toys-56R4557",,,,/56R4557_base.jpg,"Cel-O 40""x100' Baby Toys base image",/56R4557_base.jpg,"Cel-O 40""x100' Baby Toys small image",/56R4557_base.jpg,"Cel-O 40""x100' Baby Toys thumbnail",,,,,,,,1,0,1,base,0,0,"Imported resource (image) could not be downloaded from external resource due to timeout or access permissions"
56R4698,,Default,simple,"Default Category/Shopping Bags/Place Holder","Cel-O 40""x100' Scrapbook Baby","Cel-O 40""x100' Scrapbook Baby",,0,1,"Taxable Goods","Catalog, Search",13.24,,,,"cel-o-40""x100'-scrapbook-baby-56R4698",,,,/56R4698_base.jpg,"Cel-O 40""x100' Scrapbook Baby base image",/56R4698_base.jpg,"Cel-O 40""x100' Scrapbook Baby small image",/56R4698_base.jpg,"Cel-O 40""x100' Scrapbook Baby thumbnail",,,,,,,,1,0,1,base,0,0,"Imported resource (image) could not be downloaded from external resource due to timeout or access permissions"
56R4700,,Default,simple,"Default Category/No web item","Cel-O 40""x100' Hide N Seek","Cel-O 40""x100' Hide N Seek",,0,0,"Taxable Goods","Catalog, Search",13.24,,,,"cel-o-40""x100'-hide-n-seek-56R4700",,,,/56R4700_base.jpg,"Cel-O 40""x100' Hide N Seek base image",/56R4700_base.jpg,"Cel-O 40""x100' Hide N Seek small image",/56R4700_base.jpg,"Cel-O 40""x100' Hide N Seek thumbnail",,,,,,,,1,0,1,base,0,0,"Imported resource (image) could not be downloaded from external resource due to timeout or access permissions"
56R4741,,Default,simple,"Default Category/No web item","Cel-O 40""x100' Euro Swirl","Cel-O 40""x100' Euro Swirl",,0,0,"Taxable Goods","Catalog, Search",13.24,,,,"cel-o-40""x100'-euro-swirl-56R4741",,,,/56R4741_base.jpg,"Cel-O 40""x100' Euro Swirl base image",/56R4741_base.jpg,"Cel-O 40""x100' Euro Swirl small image",/56R4741_base.jpg,"Cel-O 40""x100' Euro Swirl thumbnail",,,,,,,,1,0,1,base,0,0,"Imported resource (image) could not be downloaded from external resource due to timeout or access permissions"
56R4748,,Default,simple,"Default Category/Shopping Bags/Place Holder","Cel-O 40""x100' Euro Swirl Gold","Cel-O 40""x100' Euro Swirl Gold",,0,1,"Taxable Goods","Catalog, Search",13.24,,,,"cel-o-40""x100'-euro-swirl-gold-56R4748",,,,/56R4748_base.jpg,"Cel-O 40""x100' Euro Swirl Gold base image",/56R4748_base.jpg,"Cel-O 40""x100' Euro Swirl Gold small image",/56R4748_base.jpg,"Cel-O 40""x100' Euro Swirl Gold thumbnail",,,,,,,,1,0,1,base,0,0,"Imported resource (image) could not be downloaded from external resource due to timeout or access permissions"
56R5002,,Default,simple,"Default Category/Shopping Bags/Place Holder","Cel-O 30""x500' Baby Prints","Cel-O 30""x500' Baby Prints",,0,1,"Taxable Goods","Catalog, Search",58.98,,,,"cel-o-30""x500'-baby-prints-56R5002",,,,/56R5002_base.jpg,"Cel-O 30""x500' Baby Prints base image",/56R5002_base.jpg,"Cel-O 30""x500' Baby Prints small image",/56R5002_base.jpg,"Cel-O 30""x500' Baby Prints thumbnail",,,,,,,,1,0,1,base,0,0,"Imported resource (image) could not be downloaded from external resource due to timeout or access permissions"
56R5003,,Default,simple,"Default Category/Shopping Bags/Place Holder","Cel-O 30""x500' Celestial","Cel-O 30""x500' Celestial",,0,1,"Taxable Goods","Catalog, Search",58.98,,,,"cel-o-30""x500'-celestial-56R5003",,,,/56R5003_base.jpg,"Cel-O 30""x500' Celestial base image",/56R5003_base.jpg,"Cel-O 30""x500' Celestial small image",/56R5003_base.jpg,"Cel-O 30""x500' Celestial thumbnail",,,,,,,,1,0,1,base,0,0,"Imported resource (image) could not be downloaded from external resource due to timeout or access permissions"
56R5005,,Default,simple,"Default Category/Shopping Bags/Place Holder","Cel-O 30""x500' Floral Bouquet","Cel-O 30""x500' Floral Bouquet",,0,1,"Taxable Goods","Catalog, Search",58.98,,,,"cel-o-30""x500'-floral-bouquet-56R5005",,,,/56R5005_base.jpg,"Cel-O 30""x500' Floral Bouquet base image",/56R5005_base.jpg,"Cel-O 30""x500' Floral Bouquet small image",/56R5005_base.jpg,"Cel-O 30""x500' Floral Bouquet thumbnail",,,,,,,,1,0,1,base,0,0,"Imported resource (image) could not be downloaded from external resource due to timeout or access permissions"
56R5006,,Default,simple,"Default Category/Shopping Bags/Place Holder","Cel-O 30""x500' Grapes on Vine","Cel-O 30""x500' Grapes on Vine",,0,1,"Taxable Goods","Catalog, Search",58.98,,,,"cel-o-30""x500'-grapes-on-vine-56R5006",,,,/56R5006_base.jpg,"Cel-O 30""x500' Grapes on Vine base image",/56R5006_base.jpg,"Cel-O 30""x500' Grapes on Vine small image",/56R5006_base.jpg,"Cel-O 30""x500' Grapes on Vine thumbnail",,,,,,,,1,0,1,base,0,0,"Imported resource (image) could not be downloaded from external resource due to timeout or access permissions"
56R5007,,Default,simple,"Default Category/Shopping Bags/Place Holder","Cel-O 30""x500' Harvest Leaves","Cel-O 30""x500' Harvest Leaves",,0,1,"Taxable Goods","Catalog, Search",58.98,,,,"cel-o-30""x500'-harvest-leaves-56R5007",,,,/56R5007_base.jpg,"Cel-O 30""x500' Harvest Leaves base image",/56R5007_base.jpg,"Cel-O 30""x500' Harvest Leaves small image",/56R5007_base.jpg,"Cel-O 30""x500' Harvest Leaves thumbnail",,,,,,,,1,0,1,base,0,0,"Imported resource (image) could not be downloaded from external resource due to timeout or access permissions"
56R5009,,Default,simple,"Default Category/Shopping Bags/Place Holder","Cel-O 30""x500' Jelly Beans","Cel-O 30""x500' Jelly Beans",,0,1,"Taxable Goods","Catalog, Search",58.98,,,,"cel-o-30""x500'-jelly-beans-56R5009",,,,/56R5009_base.jpg,"Cel-O 30""x500' Jelly Beans base image",/56R5009_base.jpg,"Cel-O 30""x500' Jelly Beans small image",/56R5009_base.jpg,"Cel-O 30""x500' Jelly Beans thumbnail",,,,,,,,1,0,1,base,0,0,"Imported resource (image) could not be downloaded from external resource due to timeout or access permissions"
56R5112,,Default,simple,"Default Category/Shopping Bags/Place Holder","Cel-O 30""x500' Shooting Stars","Cel-O 30""x500' Shooting Stars",,0,1,"Taxable Goods","Catalog, Search",58.98,,,,"cel-o-30""x500'-shooting-stars-56R5112",,,,/56R5112_base.jpg,"Cel-O 30""x500' Shooting Stars base image",/56R5112_base.jpg,"Cel-O 30""x500' Shooting Stars small image",/56R5112_base.jpg,"Cel-O 30""x500' Shooting Stars thumbnail",,,,,,,,1,0,1,base,0,0,"Imported resource (image) could not be downloaded from external resource due to timeout or access permissions"
56R5113,,Default,simple,"Default Category/Shopping Bags/Place Holder","Cel-O 30""x500' Shooting Star","Cel-O 30""x500' Shooting Star",,0,1,"Taxable Goods","Catalog, Search",58.98,,,,"cel-o-30""x500'-shooting-star-56R5113",,,,/56R5113_base.jpg,"Cel-O 30""x500' Shooting Star base image",/56R5113_base.jpg,"Cel-O 30""x500' Shooting Star small image",/56R5113_base.jpg,"Cel-O 30""x500' Shooting Star thumbnail",,,,,,,,1,0,1,base,0,0,"Imported resource (image) could not be downloaded from external resource due to timeout or access permissions"
56R5114,,Default,simple,"Default Category/Shopping Bags/Place Holder","Cel-O 30""x500' Muti-Stars","Cel-O 30""x500' Muti-Stars",,0,1,"Taxable Goods","Catalog, Search",58.98,,,,"cel-o-30""x500'-muti-stars-56R5114",,,,/56R5114_base.jpg,"Cel-O 30""x500' Muti-Stars base image",/56R5114_base.jpg,"Cel-O 30""x500' Muti-Stars small image",/56R5114_base.jpg,"Cel-O 30""x500' Muti-Stars thumbnail",,,,,,,,1,0,1,base,0,0,"Imported resource (image) could not be downloaded from external resource due to timeout or access permissions"
56R5115,,Default,simple,"Default Category/Shopping Bags/Place Holder","Cel-O 30""x500' Multi-Stars","Cel-O 30""x500' Multi-Stars",,0,1,"Taxable Goods","Catalog, Search",58.98,,,,"cel-o-30""x500'-multi-stars-56R5115",,,,/56R5115_base.jpg,"Cel-O 30""x500' Multi-Stars base image",/56R5115_base.jpg,"Cel-O 30""x500' Multi-Stars small image",/56R5115_base.jpg,"Cel-O 30""x500' Multi-Stars thumbnail",,,,,,,,1,0,1,base,0,0,"Imported resource (image) could not be downloaded from external resource due to timeout or access permissions"
56R5116,,Default,simple,"Default Category/Shopping Bags/Place Holder","Cel-O 30""x500' Trick or Treat","Cel-O 30""x500' Trick or Treat",,0,1,"Taxable Goods","Catalog, Search",58.98,,,,"cel-o-30""x500'-trick-or-treat-56R5116",,,,/56R5116_base.jpg,"Cel-O 30""x500' Trick or Treat base image",/56R5116_base.jpg,"Cel-O 30""x500' Trick or Treat small image",/56R5116_base.jpg,"Cel-O 30""x500' Trick or Treat thumbnail",,,,,,,,1,0,1,base,0,0,"Imported resource (image) could not be downloaded from external resource due to timeout or access permissions"
56R5117,,Default,simple,"Default Category/Shopping Bags/Place Holder","Cel-O 30""x500' Swirls & Stars","Cel-O 30""x500' Swirls & Stars",,0,1,"Taxable Goods","Catalog, Search",58.98,,,,"cel-o-30""x500'-swirls-&-stars-56R5117",,,,/56R5117_base.jpg,"Cel-O 30""x500' Swirls & Stars base image",/56R5117_base.jpg,"Cel-O 30""x500' Swirls & Stars small image",/56R5117_base.jpg,"Cel-O 30""x500' Swirls & Stars thumbnail",,,,,,,,1,0,1,base,0,0,"Imported resource (image) could not be downloaded from external resource due to timeout or access permissions"
56R5119,,Default,simple,"Default Category/Shopping Bags/Place Holder","Cel-O 30""x500' Scribble Trees","Cel-O 30""x500' Scribble Trees",,0,1,"Taxable Goods","Catalog, Search",58.98,,,,"cel-o-30""x500'-scribble-trees-56R5119",,,,/56R5119_base.jpg,"Cel-O 30""x500' Scribble Trees base image",/56R5119_base.jpg,"Cel-O 30""x500' Scribble Trees small image",/56R5119_base.jpg,"Cel-O 30""x500' Scribble Trees thumbnail",,,,,,,,1,0,1,base,0,0,"Imported resource (image) could not be downloaded from external resource due to timeout or access permissions"
56R5120,,Default,simple,"Default Category/Shopping Bags/Place Holder","Cel-O 30""x 500' First Snowfall","Cel-O 30""x 500' First Snowfall",,0,1,"Taxable Goods","Catalog, Search",58.98,,,,"cel-o-30""x-500'-first-snowfall-56R5120",,,,/56R5120_base.jpg,"Cel-O 30""x 500' First Snowfall base image",/56R5120_base.jpg,"Cel-O 30""x 500' First Snowfall small image",/56R5120_base.jpg,"Cel-O 30""x 500' First Snowfall thumbnail",,,,,,,,1,0,1,base,0,0,"Imported resource (image) could not be downloaded from external resource due to timeout or access permissions"
56R5121,,Default,simple,"Default Category/Shopping Bags/Place Holder","Cel-O 30""x500' Merry Mix","Cel-O 30""x500' Merry Mix",,0,1,"Taxable Goods","Catalog, Search",58.98,,,,"cel-o-30""x500'-merry-mix-56R5121",,,,/56R5121_base.jpg,"Cel-O 30""x500' Merry Mix base image",/56R5121_base.jpg,"Cel-O 30""x500' Merry Mix small image",/56R5121_base.jpg,"Cel-O 30""x500' Merry Mix thumbnail",,,,,,,,1,0,1,base,0,0,"Imported resource (image) could not be downloaded from external resource due to timeout or access permissions"
56R5122,,Default,simple,"Default Category/Shopping Bags/Place Holder","Cel-O 30""x500' Christmas Candy","Cel-O 30""x500' Christmas Candy",,0,1,"Taxable Goods","Catalog, Search",58.98,,,,"cel-o-30""x500'-christmas-candy-56R5122",,,,/56R5122_base.jpg,"Cel-O 30""x500' Christmas Candy base image",/56R5122_base.jpg,"Cel-O 30""x500' Christmas Candy small image",/56R5122_base.jpg,"Cel-O 30""x500' Christmas Candy thumbnail",,,,,,,,1,0,1,base,0,0,"Imported resource (image) could not be downloaded from external resource due to timeout or access permissions"
56R5123,,Default,simple,"Default Category/Shopping Bags/Place Holder","Cel-O 30""x500' Cherubs White","Cel-O 30""x500' Cherubs White",,0,1,"Taxable Goods","Catalog, Search",58.98,,,,"cel-o-30""x500'-cherubs-white-56R5123",,,,/56R5123_base.jpg,"Cel-O 30""x500' Cherubs White base image",/56R5123_base.jpg,"Cel-O 30""x500' Cherubs White small image",/56R5123_base.jpg,"Cel-O 30""x500' Cherubs White thumbnail",,,,,,,,1,0,1,base,0,0,"Imported resource (image) could not be downloaded from external resource due to timeout or access permissions"
56R5124,,Default,simple,"Default Category/Shopping Bags/Place Holder","Cel-O 30"" x 500' Roses Are Red","Cel-O 30"" x 500' Roses Are Red",,0,1,"Taxable Goods","Catalog, Search",58.98,,,,"cel-o-30""-x-500'-roses-are-red-56R5124",,,,/56R5124_base.jpg,"Cel-O 30"" x 500' Roses Are Red base image",/56R5124_base.jpg,"Cel-O 30"" x 500' Roses Are Red small image",/56R5124_base.jpg,"Cel-O 30"" x 500' Roses Are Red thumbnail",,,,,,,,1,0,1,base,0,0,"Imported resource (image) could not be downloaded from external resource due to timeout or access permissions"
56R5125,,Default,simple,"Default Category/Shopping Bags/Place Holder","Cel-O 30""x500' Rocking Horse","Cel-O 30""x500' Rocking Horse",,0,1,"Taxable Goods","Catalog, Search",58.98,,,,"cel-o-30""x500'-rocking-horse-56R5125",,,,/56R5125_base.jpg,"Cel-O 30""x500' Rocking Horse base image",/56R5125_base.jpg,"Cel-O 30""x500' Rocking Horse small image",/56R5125_base.jpg,"Cel-O 30""x500' Rocking Horse thumbnail",,,,,,,,1,0,1,base,0,0,"Imported resource (image) could not be downloaded from external resource due to timeout or access permissions"
56R5126,,Default,simple,"Default Category/Shopping Bags/Place Holder","Cel-O 30""x500' Red Dots","Cel-O 30""x500' Red Dots",,0,1,"Taxable Goods","Catalog, Search",58.98,,,,"cel-o-30""x500'-red-dots-56R5126",,,,/56R5126_base.jpg,"Cel-O 30""x500' Red Dots base image",/56R5126_base.jpg,"Cel-O 30""x500' Red Dots small image",/56R5126_base.jpg,"Cel-O 30""x500' Red Dots thumbnail",,,,,,,,1,0,1,base,0,0,"Imported resource (image) could not be downloaded from external resource due to timeout or access permissions"
56R5127,,Default,simple,"Default Category/Shopping Bags/Place Holder","Cel-O 30""x500' White Dots","Cel-O 30""x500' White Dots",,0,1,"Taxable Goods","Catalog, Search",58.98,,,,"cel-o-30""x500'-white-dots-56R5127",,,,/56R5127_base.jpg,"Cel-O 30""x500' White Dots base image",/56R5127_base.jpg,"Cel-O 30""x500' White Dots small image",/56R5127_base.jpg,"Cel-O 30""x500' White Dots thumbnail",,,,,,,,1,0,1,base,0,0,"Imported resource (image) could not be downloaded from external resource due to timeout or access permissions"
56R5131,,Default,simple,"Default Category/Shopping Bags/Place Holder","Cel-O 30""x500' Scribble Hearts","Cel-O 30""x500' Scribble Hearts",,0,1,"Taxable Goods","Catalog, Search",58.98,,,,"cel-o-30""x500'-scribble-hearts-56R5131",,,,/56R5131_base.jpg,"Cel-O 30""x500' Scribble Hearts base image",/56R5131_base.jpg,"Cel-O 30""x500' Scribble Hearts small image",/56R5131_base.jpg,"Cel-O 30""x500' Scribble Hearts thumbnail",,,,,,,,1,0,1,base,0,0,"Imported resource (image) could not be downloaded from external resource due to timeout or access permissions"
56R5140,,Default,simple,"Default Category/Shopping Bags/Place Holder","Cel-O 30""x500' Bunny Baskets","Cel-O 30""x500' Bunny Baskets",,0,1,"Taxable Goods","Catalog, Search",58.98,,,,"cel-o-30""x500'-bunny-baskets-56R5140",,,,/56R5140_base.jpg,"Cel-O 30""x500' Bunny Baskets base image",/56R5140_base.jpg,"Cel-O 30""x500' Bunny Baskets small image",/56R5140_base.jpg,"Cel-O 30""x500' Bunny Baskets thumbnail",,,,,,,,1,0,1,base,0,0,"Imported resource (image) could not be downloaded from external resource due to timeout or access permissions"
56R5150,,Default,simple,"Default Category/Shopping Bags/Place Holder","Cel-O 30""x500' White Lace","Cel-O 30""x500' White Lace",,0,1,"Taxable Goods","Catalog, Search",58.98,,,,"cel-o-30""x500'-white-lace-56R5150",,,,/56R5150_base.jpg,"Cel-O 30""x500' White Lace base image",/56R5150_base.jpg,"Cel-O 30""x500' White Lace small image",/56R5150_base.jpg,"Cel-O 30""x500' White Lace thumbnail",,,,,,,,1,0,1,base,0,0,"Imported resource (image) could not be downloaded from external resource due to timeout or access permissions"
56R5160,,Default,simple,"Default Category/Shopping Bags/Place Holder","Cel-O 30""x500' Party Stars","Cel-O 30""x500' Party Stars",,0,1,"Taxable Goods","Catalog, Search",58.98,,,,"cel-o-30""x500'-party-stars-56R5160",,,,/56R5160_base.jpg,"Cel-O 30""x500' Party Stars base image",/56R5160_base.jpg,"Cel-O 30""x500' Party Stars small image",/56R5160_base.jpg,"Cel-O 30""x500' Party Stars thumbnail",,,,,,,,1,0,1,base,0,0,"Imported resource (image) could not be downloaded from external resource due to timeout or access permissions"
56R5170,,Default,simple,"Default Category/Shopping Bags/Place Holder","Cel-O 30""x500' Confetti","Cel-O 30""x500' Confetti",,0,1,"Taxable Goods","Catalog, Search",58.98,,,,"cel-o-30""x500'-confetti-56R5170",,,,/56R5170_base.jpg,"Cel-O 30""x500' Confetti base image",/56R5170_base.jpg,"Cel-O 30""x500' Confetti small image",/56R5170_base.jpg,"Cel-O 30""x500' Confetti thumbnail",,,,,,,,1,0,1,base,0,0,"Imported resource (image) could not be downloaded from external resource due to timeout or access permissions"
56R5200,,Default,simple,"Default Category/Shopping Bags/Place Holder","Cel-O 30""x500 Diag Stripe Gold","Cel-O 30""x500 Diag Stripe Gold",,0,1,"Taxable Goods","Catalog, Search",58.98,,,,"cel-o-30""x500-diag-stripe-gold-56R5200",,,,/56R5200_base.jpg,"Cel-O 30""x500 Diag Stripe Gold base image",/56R5200_base.jpg,"Cel-O 30""x500 Diag Stripe Gold small image",/56R5200_base.jpg,"Cel-O 30""x500 Diag Stripe Gold thumbnail",,,,,,,,1,0,1,base,0,0,"Imported resource (image) could not be downloaded from external resource due to timeout or access permissions"
56R5202,,Default,simple,"Default Category/Shopping Bags/Place Holder","Cel-O 30""x500' Holly &Berries","Cel-O 30""x500' Holly &Berries",,0,1,"Taxable Goods","Catalog, Search",58.98,,,,"cel-o-30""x500'-holly-&berries-56R5202",,,,/56R5202_base.jpg,"Cel-O 30""x500' Holly &Berries base image",/56R5202_base.jpg,"Cel-O 30""x500' Holly &Berries small image",/56R5202_base.jpg,"Cel-O 30""x500' Holly &Berries thumbnail",,,,,,,,1,0,1,base,0,0,"Imported resource (image) could not be downloaded from external resource due to timeout or access permissions"
56R5204,,Default,simple,"Default Category/Shopping Bags/Place Holder","Cel-O 30""x500 Christmas Stripe","Cel-O 30""x500 Christmas Stripe",,0,1,"Taxable Goods","Catalog, Search",58.98,,,,"cel-o-30""x500-christmas-stripe-56R5204",,,,/56R5204_base.jpg,"Cel-O 30""x500 Christmas Stripe base image",/56R5204_base.jpg,"Cel-O 30""x500 Christmas Stripe small image",/56R5204_base.jpg,"Cel-O 30""x500 Christmas Stripe thumbnail",,,,,,,,1,0,1,base,0,0,"Imported resource (image) could not be downloaded from external resource due to timeout or access permissions"
56R5205,,Default,simple,"Default Category/Shopping Bags/Place Holder","Cel-O 30""x500' Hearts&Squares","Cel-O 30""x500' Hearts&Squares",,0,1,"Taxable Goods","Catalog, Search",58.98,,,,"cel-o-30""x500'-hearts&squares-56R5205",,,,/56R5205_base.jpg,"Cel-O 30""x500' Hearts&Squares base image",/56R5205_base.jpg,"Cel-O 30""x500' Hearts&Squares small image",/56R5205_base.jpg,"Cel-O 30""x500' Hearts&Squares thumbnail",,,,,,,,1,0,1,base,0,0,"Imported resource (image) could not be downloaded from external resource due to timeout or access permissions"
56R5214,,Default,simple,"Default Category/Shopping Bags/Place Holder","Cel-O 30""x500' Celestial Gold","Cel-O 30""x500' Celestial Gold",,0,1,"Taxable Goods","Catalog, Search",58.98,,,,"cel-o-30""x500'-celestial-gold-56R5214",,,,/56R5214_base.jpg,"Cel-O 30""x500' Celestial Gold base image",/56R5214_base.jpg,"Cel-O 30""x500' Celestial Gold small image",/56R5214_base.jpg,"Cel-O 30""x500' Celestial Gold thumbnail",,,,,,,,1,0,1,base,0,0,"Imported resource (image) could not be downloaded from external resource due to timeout or access permissions"
56R53,,Default,simple,"Default Category/Shopping Bags/Place Holder","Cel-O 30""x500' Purple","Cel-O 30""x500' Purple",,0,1,"Taxable Goods","Catalog, Search",58.98,,,,"cel-o-30""x500'-purple-56R53",,,,/56R53_base.jpg,"Cel-O 30""x500' Purple base image",/56R53_base.jpg,"Cel-O 30""x500' Purple small image",/56R53_base.jpg,"Cel-O 30""x500' Purple thumbnail",,,,,,,,1,0,1,base,0,0,"Imported resource (image) could not be downloaded from external resource due to timeout or access permissions"
56R54,,Default,simple,"Default Category/Shopping Bags/Place Holder","Cel-O 30""x500' Red","Cel-O 30""x500' Red",,0,1,"Taxable Goods","Catalog, Search",58.98,,,,"cel-o-30""x500'-red-56R54",,,,/56R54_base.jpg,"Cel-O 30""x500' Red base image",/56R54_base.jpg,"Cel-O 30""x500' Red small image",/56R54_base.jpg,"Cel-O 30""x500' Red thumbnail",,,,,,,,1,0,1,base,0,0,"Imported resource (image) could not be downloaded from external resource due to timeout or access permissions"
56R55,,Default,simple,"Default Category/Shopping Bags/Place Holder","Cel-O 30""x500' Amber","Cel-O 30""x500' Amber",,0,1,"Taxable Goods","Catalog, Search",58.98,,,,"cel-o-30""x500'-amber-56R55",,,,/56R55_base.jpg,"Cel-O 30""x500' Amber base image",/56R55_base.jpg,"Cel-O 30""x500' Amber small image",/56R55_base.jpg,"Cel-O 30""x500' Amber thumbnail",,,,,,,,1,0,1,base,0,0,"Imported resource (image) could not be downloaded from external resource due to timeout or access permissions"
56R56,,Default,simple,"Default Category/Shopping Bags/Place Holder","Cel-O 30""x500' Pink","Cel-O 30""x500' Pink",,0,1,"Taxable Goods","Catalog, Search",58.98,,,,"cel-o-30""x500'-pink-56R56",,,,/56R56_base.jpg,"Cel-O 30""x500' Pink base image",/56R56_base.jpg,"Cel-O 30""x500' Pink small image",/56R56_base.jpg,"Cel-O 30""x500' Pink thumbnail",,,,,,,,1,0,1,base,0,0,"Imported resource (image) could not be downloaded from external resource due to timeout or access permissions"
56R57,,Default,simple,"Default Category/Shopping Bags/Place Holder","Cel-O 30""x500' Blue","Cel-O 30""x500' Blue",,0,1,"Taxable Goods","Catalog, Search",58.98,,,,"cel-o-30""x500'-blue-56R57",,,,/56R57_base.jpg,"Cel-O 30""x500' Blue base image",/56R57_base.jpg,"Cel-O 30""x500' Blue small image",/56R57_base.jpg,"Cel-O 30""x500' Blue thumbnail",,,,,,,,1,0,1,base,0,0,"Imported resource (image) could not be downloaded from external resource due to timeout or access permissions"
56R58,,Default,simple,"Default Category/Shopping Bags/Place Holder","Cel-O 30""x500' Green","Cel-O 30""x500' Green",,0,1,"Taxable Goods","Catalog, Search",58.98,,,,"cel-o-30""x500'-green-56R58",,,,/56R58_base.jpg,"Cel-O 30""x500' Green base image",/56R58_base.jpg,"Cel-O 30""x500' Green small image",/56R58_base.jpg,"Cel-O 30""x500' Green thumbnail",,,,,,,,1,0,1,base,0,0,"Imported resource (image) could not be downloaded from external resource due to timeout or access permissions"
56R5C,,Default,simple,"Default Category/Shopping Bags/Place Holder","Cel-O 30""x500' Clear","Cel-O 30""x500' Clear",,0,1,"Taxable Goods","Catalog, Search",58.98,,,,"cel-o-30""x500'-clear-56R5C",,,,/56R5C_base.jpg,"Cel-O 30""x500' Clear base image",/56R5C_base.jpg,"Cel-O 30""x500' Clear small image",/56R5C_base.jpg,"Cel-O 30""x500' Clear thumbnail",,,,,,,,1,0,1,base,0,0,"Imported resource (image) could not be downloaded from external resource due to timeout or access permissions"
56Scraps,,Default,simple,"Default Category/No web item","Tissue Custom Scraps","Tissue Custom Scraps",,0,0,"Taxable Goods","Catalog, Search",69,,,,tissue-custom-scraps-56Scraps,,,,/56Scraps_base.jpg,"Tissue Custom Scraps base image",/56Scraps_base.jpg,"Tissue Custom Scraps small image",/56Scraps_base.jpg,"Tissue Custom Scraps thumbnail",,,,,,,,1,0,1,base,0,0,"Imported resource (image) could not be downloaded from external resource due to timeout or access permissions"
56T131B,,Default,simple,"Default Category/Shopping Bags/Place Holder","Bag Tote 13x5x10 Matte Black","Bag Tote 13x5x10 Matte Black",,0,1,"Taxable Goods","Catalog, Search",167.89,,,,bag-tote-13x5x10-matte-black-56T131B,,,,/56T131B_base.jpg,"Bag Tote 13x5x10 Matte Black base image",/56T131B_base.jpg,"Bag Tote 13x5x10 Matte Black small image",/56T131B_base.jpg,"Bag Tote 13x5x10 Matte Black thumbnail",,,,,,,,1,0,1,base,0,0,"Imported resource (image) could not be downloaded from external resource due to timeout or access permissions"
56T131BR,,Default,simple,"Default Category/Shopping Bags/Place Holder","Bag Tote 13x5x10 Matte","Bag Tote 13x5x10 Matte",,0,1,"Taxable Goods","Catalog, Search",167.89,,,,bag-tote-13x5x10-matte-56T131BR,,,,/56T131BR_base.jpg,"Bag Tote 13x5x10 Matte base image",/56T131BR_base.jpg,"Bag Tote 13x5x10 Matte small image",/56T131BR_base.jpg,"Bag Tote 13x5x10 Matte thumbnail",,,,,,,,1,0,1,base,0,0,"Imported resource (image) could not be downloaded from external resource due to timeout or access permissions"
56T131G,,Default,simple,"Default Category/Shopping Bags/Place Holder","Bag Tote 13x5x10 Matte Baroque","Bag Tote 13x5x10 Matte Baroque",,0,1,"Taxable Goods","Catalog, Search",167.89,,,,bag-tote-13x5x10-matte-baroque-56T131G,,,,/56T131G_base.jpg,"Bag Tote 13x5x10 Matte Baroque base image",/56T131G_base.jpg,"Bag Tote 13x5x10 Matte Baroque small image",/56T131G_base.jpg,"Bag Tote 13x5x10 Matte Baroque thumbnail",,,,,,,,1,0,1,base,0,0,"Imported resource (image) could not be downloaded from external resource due to timeout or access permissions"
56T131HG,,Default,simple,"Default Category/Shopping Bags/Place Holder","Bag Tote 13x5x10 Matte Hunter","Bag Tote 13x5x10 Matte Hunter",,0,1,"Taxable Goods","Catalog, Search",167.89,,,,bag-tote-13x5x10-matte-hunter-56T131HG,,,,/56T131HG_base.jpg,"Bag Tote 13x5x10 Matte Hunter base image",/56T131HG_base.jpg,"Bag Tote 13x5x10 Matte Hunter small image",/56T131HG_base.jpg,"Bag Tote 13x5x10 Matte Hunter thumbnail",,,,,,,,1,0,1,base,0,0,"Imported resource (image) could not be downloaded from external resource due to timeout or access permissions"
56T131I,,Default,simple,"Default Category/Shopping Bags/Place Holder","Bag Tote 13x5x10 Matte Ivory","Bag Tote 13x5x10 Matte Ivory",,0,1,"Taxable Goods","Catalog, Search",167.89,,,,bag-tote-13x5x10-matte-ivory-56T131I,,,,/56T131I_base.jpg,"Bag Tote 13x5x10 Matte Ivory base image",/56T131I_base.jpg,"Bag Tote 13x5x10 Matte Ivory small image",/56T131I_base.jpg,"Bag Tote 13x5x10 Matte Ivory thumbnail",,,,,,,,1,0,1,base,0,0,"Imported resource (image) could not be downloaded from external resource due to timeout or access permissions"
56T131M,,Default,simple,"Default Category/Shopping Bags/Place Holder","Bag Tote 13x5x10 Matte Maroon","Bag Tote 13x5x10 Matte Maroon",,0,1,"Taxable Goods","Catalog, Search",167.89,,,,bag-tote-13x5x10-matte-maroon-56T131M,,,,/56T131M_base.jpg,"Bag Tote 13x5x10 Matte Maroon base image",/56T131M_base.jpg,"Bag Tote 13x5x10 Matte Maroon small image",/56T131M_base.jpg,"Bag Tote 13x5x10 Matte Maroon thumbnail",,,,,,,,1,0,1,base,0,0,"Imported resource (image) could not be downloaded from external resource due to timeout or access permissions"
56T131NB,,Default,simple,"Default Category/Shopping Bags/Place Holder","Bag Tote 13x5x10 Matte Navy","Bag Tote 13x5x10 Matte Navy",,0,1,"Taxable Goods","Catalog, Search",167.89,,,,bag-tote-13x5x10-matte-navy-56T131NB,,,,/56T131NB_base.jpg,"Bag Tote 13x5x10 Matte Navy base image",/56T131NB_base.jpg,"Bag Tote 13x5x10 Matte Navy small image",/56T131NB_base.jpg,"Bag Tote 13x5x10 Matte Navy thumbnail",,,,,,,,1,0,1,base,0,0,"Imported resource (image) could not be downloaded from external resource due to timeout or access permissions"
56T131O,,Default,simple,"Default Category/Shopping Bags/Place Holder","Bag Tote 13x5x10 Matte","Bag Tote 13x5x10 Matte",,0,1,"Taxable Goods","Catalog, Search",167.89,,,,bag-tote-13x5x10-matte-56T131O,,,,/56T131O_base.jpg,"Bag Tote 13x5x10 Matte base image",/56T131O_base.jpg,"Bag Tote 13x5x10 Matte small image",/56T131O_base.jpg,"Bag Tote 13x5x10 Matte thumbnail",,,,,,,,1,0,1,base,0,0,"Imported resource (image) could not be downloaded from external resource due to timeout or access permissions"
56T131P,,Default,simple,"Default Category/Shopping Bags/Place Holder","Bag Tote 13x5x10 Matte Purple","Bag Tote 13x5x10 Matte Purple",,0,1,"Taxable Goods","Catalog, Search",167.89,,,,bag-tote-13x5x10-matte-purple-56T131P,,,,/56T131P_base.jpg,"Bag Tote 13x5x10 Matte Purple base image",/56T131P_base.jpg,"Bag Tote 13x5x10 Matte Purple small image",/56T131P_base.jpg,"Bag Tote 13x5x10 Matte Purple thumbnail",,,,,,,,1,0,1,base,0,0,"Imported resource (image) could not be downloaded from external resource due to timeout or access permissions"
56T131S,,Default,simple,"Default Category/Shopping Bags/Place Holder","Bag Tote 13x5x10 Matte Silver","Bag Tote 13x5x10 Matte Silver",,0,1,"Taxable Goods","Catalog, Search",167.89,,,,bag-tote-13x5x10-matte-silver-56T131S,,,,/56T131S_base.jpg,"Bag Tote 13x5x10 Matte Silver base image",/56T131S_base.jpg,"Bag Tote 13x5x10 Matte Silver small image",/56T131S_base.jpg,"Bag Tote 13x5x10 Matte Silver thumbnail",,,,,,,,1,0,1,base,0,0,"Imported resource (image) could not be downloaded from external resource due to timeout or access permissions"
56T131W,,Default,simple,"Default Category/Shopping Bags/Place Holder","Bag Tote 13x5x10 Matte White","Bag Tote 13x5x10 Matte White",,0,1,"Taxable Goods","Catalog, Search",153.47,,,,bag-tote-13x5x10-matte-white-56T131W,,,,/56T131W_base.jpg,"Bag Tote 13x5x10 Matte White base image",/56T131W_base.jpg,"Bag Tote 13x5x10 Matte White small image",/56T131W_base.jpg,"Bag Tote 13x5x10 Matte White thumbnail",,,,,,,,1,0,1,base,0,0,"Imported resource (image) could not be downloaded from external resource due to timeout or access permissions"
56T13AP,,Default,simple,"Default Category/Shopping Bags/Place Holder","Bag Tote 13x5x10 Embossed","Bag Tote 13x5x10 Embossed",,0,1,"Taxable Goods","Catalog, Search",182.31,,,,bag-tote-13x5x10-embossed-56T13AP,,,,/56T13AP_base.jpg,"Bag Tote 13x5x10 Embossed base image",/56T13AP_base.jpg,"Bag Tote 13x5x10 Embossed small image",/56T13AP_base.jpg,"Bag Tote 13x5x10 Embossed thumbnail",,,,,,,,1,0,1,base,0,0,"Imported resource (image) could not be downloaded from external resource due to timeout or access permissions"
56T13B,,Default,simple,"Default Category/Shopping Bags/Place Holder","Bag Tote 13x5x10 Gloss Black","Bag Tote 13x5x10 Gloss Black",,0,1,"Taxable Goods","Catalog, Search",157.59,,,,bag-tote-13x5x10-gloss-black-56T13B,,,,/56T13B_base.jpg,"Bag Tote 13x5x10 Gloss Black base image",/56T13B_base.jpg,"Bag Tote 13x5x10 Gloss Black small image",/56T13B_base.jpg,"Bag Tote 13x5x10 Gloss Black thumbnail",,,,,,,,1,0,1,base,0,0,"Imported resource (image) could not be downloaded from external resource due to timeout or access permissions"
56T13BC,,Default,simple,"Default Category/Shopping Bags/Place Holder","Bag Tote 13x5x10 Corduroy","Bag Tote 13x5x10 Corduroy",,0,1,"Taxable Goods","Catalog, Search",182.31,,,,bag-tote-13x5x10-corduroy-56T13BC,,,,/56T13BC_base.jpg,"Bag Tote 13x5x10 Corduroy base image",/56T13BC_base.jpg,"Bag Tote 13x5x10 Corduroy small image",/56T13BC_base.jpg,"Bag Tote 13x5x10 Corduroy thumbnail",,,,,,,,1,0,1,base,0,0,"Imported resource (image) could not be downloaded from external resource due to timeout or access permissions"
56T13BY,,Default,simple,"Default Category/Shopping Bags/Place Holder","Bag Tote 13x5x10 Embossed","Bag Tote 13x5x10 Embossed",,0,1,"Taxable Goods","Catalog, Search",182.31,,,,bag-tote-13x5x10-embossed-56T13BY,,,,/56T13BY_base.jpg,"Bag Tote 13x5x10 Embossed base image",/56T13BY_base.jpg,"Bag Tote 13x5x10 Embossed small image",/56T13BY_base.jpg,"Bag Tote 13x5x10 Embossed thumbnail",,,,,,,,1,0,1,base,0,0,"Imported resource (image) could not be downloaded from external resource due to timeout or access permissions"
56T13HG,,Default,simple,"Default Category/Shopping Bags/Place Holder","Bag Tote 13x5x10 Gloss Hunter","Bag Tote 13x5x10 Gloss Hunter",,0,1,"Taxable Goods","Catalog, Search",157.59,,,,bag-tote-13x5x10-gloss-hunter-56T13HG,,,,/56T13HG_base.jpg,"Bag Tote 13x5x10 Gloss Hunter base image",/56T13HG_base.jpg,"Bag Tote 13x5x10 Gloss Hunter small image",/56T13HG_base.jpg,"Bag Tote 13x5x10 Gloss Hunter thumbnail",,,,,,,,1,0,1,base,0,0,"Imported resource (image) could not be downloaded from external resource due to timeout or access permissions"
56T13M,,Default,simple,"Default Category/Shopping Bags/Place Holder","Bag Tote 13x5x10 Gloss Maroon","Bag Tote 13x5x10 Gloss Maroon",,0,1,"Taxable Goods","Catalog, Search",157.59,,,,bag-tote-13x5x10-gloss-maroon-56T13M,,,,/56T13M_base.jpg,"Bag Tote 13x5x10 Gloss Maroon base image",/56T13M_base.jpg,"Bag Tote 13x5x10 Gloss Maroon small image",/56T13M_base.jpg,"Bag Tote 13x5x10 Gloss Maroon thumbnail",,,,,,,,1,0,1,base,0,0,"Imported resource (image) could not be downloaded from external resource due to timeout or access permissions"
56T13MGB,,Default,simple,"Default Category/Shopping Bags/Place Holder","Bag Tote 13x5x10 Embossed Mrng","Bag Tote 13x5x10 Embossed Mrng",,0,1,"Taxable Goods","Catalog, Search",182.31,,,,bag-tote-13x5x10-embossed-mrng-56T13MGB,,,,/56T13MGB_base.jpg,"Bag Tote 13x5x10 Embossed Mrng base image",/56T13MGB_base.jpg,"Bag Tote 13x5x10 Embossed Mrng small image",/56T13MGB_base.jpg,"Bag Tote 13x5x10 Embossed Mrng thumbnail",,,,,,,,1,0,1,base,0,0,"Imported resource (image) could not be downloaded from external resource due to timeout or access permissions"
56T13NB,,Default,simple,"Default Category/Shopping Bags/Place Holder","Bag Tote 13x5x10 Gloss Navy","Bag Tote 13x5x10 Gloss Navy",,0,1,"Taxable Goods","Catalog, Search",157.59,,,,bag-tote-13x5x10-gloss-navy-56T13NB,,,,/56T13NB_base.jpg,"Bag Tote 13x5x10 Gloss Navy base image",/56T13NB_base.jpg,"Bag Tote 13x5x10 Gloss Navy small image",/56T13NB_base.jpg,"Bag Tote 13x5x10 Gloss Navy thumbnail",,,,,,,,1,0,1,base,0,0,"Imported resource (image) could not be downloaded from external resource due to timeout or access permissions"
56T13NK,,Default,simple,"Default Category/Shopping Bags/Place Holder","Bag Tote 13x5x10 Nat. Kraft","Bag Tote 13x5x10 Nat. Kraft",,0,1,"Taxable Goods","Catalog, Search",172.01,,,,bag-tote-13x5x10-nat.-kraft-56T13NK,,,,/56T13NK_base.jpg,"Bag Tote 13x5x10 Nat. Kraft base image",/56T13NK_base.jpg,"Bag Tote 13x5x10 Nat. Kraft small image",/56T13NK_base.jpg,"Bag Tote 13x5x10 Nat. Kraft thumbnail",,,,,,,,1,0,1,base,0,0,"Imported resource (image) could not be downloaded from external resource due to timeout or access permissions"
56T13P,,Default,simple,"Default Category/Shopping Bags/Place Holder","Bag Tote 13x5x10 Gloss Purple","Bag Tote 13x5x10 Gloss Purple",,0,1,"Taxable Goods","Catalog, Search",157.59,,,,bag-tote-13x5x10-gloss-purple-56T13P,,,,/56T13P_base.jpg,"Bag Tote 13x5x10 Gloss Purple base image",/56T13P_base.jpg,"Bag Tote 13x5x10 Gloss Purple small image",/56T13P_base.jpg,"Bag Tote 13x5x10 Gloss Purple thumbnail",,,,,,,,1,0,1,base,0,0,"Imported resource (image) could not be downloaded from external resource due to timeout or access permissions"
56T13R,,Default,simple,"Default Category/Shopping Bags/Place Holder","Bag Tote 13x5x10 Gloss Red","Bag Tote 13x5x10 Gloss Red",,0,1,"Taxable Goods","Catalog, Search",157.59,,,,bag-tote-13x5x10-gloss-red-56T13R,,,,/56T13R_base.jpg,"Bag Tote 13x5x10 Gloss Red base image",/56T13R_base.jpg,"Bag Tote 13x5x10 Gloss Red small image",/56T13R_base.jpg,"Bag Tote 13x5x10 Gloss Red thumbnail",,,,,,,,1,0,1,base,0,0,"Imported resource (image) could not be downloaded from external resource due to timeout or access permissions"
56T13RB,,Default,simple,"Default Category/Shopping Bags/Place Holder","Bag Tote 13x5x10 Gloss Royal","Bag Tote 13x5x10 Gloss Royal",,0,1,"Taxable Goods","Catalog, Search",157.59,,,,bag-tote-13x5x10-gloss-royal-56T13RB,,,,/56T13RB_base.jpg,"Bag Tote 13x5x10 Gloss Royal base image",/56T13RB_base.jpg,"Bag Tote 13x5x10 Gloss Royal small image",/56T13RB_base.jpg,"Bag Tote 13x5x10 Gloss Royal thumbnail",,,,,,,,1,0,1,base,0,0,"Imported resource (image) could not be downloaded from external resource due to timeout or access permissions"
56T13S,,Default,simple,"Default Category/Shopping Bags/Place Holder","Bag Tote 13x5x10 Gloss Silver","Bag Tote 13x5x10 Gloss Silver",,0,1,"Taxable Goods","Catalog, Search",157.59,,,,bag-tote-13x5x10-gloss-silver-56T13S,,,,/56T13S_base.jpg,"Bag Tote 13x5x10 Gloss Silver base image",/56T13S_base.jpg,"Bag Tote 13x5x10 Gloss Silver small image",/56T13S_base.jpg,"Bag Tote 13x5x10 Gloss Silver thumbnail",,,,,,,,1,0,1,base,0,0,"Imported resource (image) could not be downloaded from external resource due to timeout or access permissions"
56T13W,,Default,simple,"Default Category/Shopping Bags/Place Holder","Bag Tote 13x5x10 Gloss White","Bag Tote 13x5x10 Gloss White",,0,1,"Taxable Goods","Catalog, Search",144.2,,,,bag-tote-13x5x10-gloss-white-56T13W,,,,/56T13W_base.jpg,"Bag Tote 13x5x10 Gloss White base image",/56T13W_base.jpg,"Bag Tote 13x5x10 Gloss White small image",/56T13W_base.jpg,"Bag Tote 13x5x10 Gloss White thumbnail",,,,,,,,1,0,1,base,0,0,"Imported resource (image) could not be downloaded from external resource due to timeout or access permissions"
56T13WC,,Default,simple,"Default Category/Shopping Bags/Place Holder","Bag Tote 13x5x10 Corduroy","Bag Tote 13x5x10 Corduroy",,0,1,"Taxable Goods","Catalog, Search",182.31,,,,bag-tote-13x5x10-corduroy-56T13WC,,,,/56T13WC_base.jpg,"Bag Tote 13x5x10 Corduroy base image",/56T13WC_base.jpg,"Bag Tote 13x5x10 Corduroy small image",/56T13WC_base.jpg,"Bag Tote 13x5x10 Corduroy thumbnail",,,,,,,,1,0,1,base,0,0,"Imported resource (image) could not be downloaded from external resource due to timeout or access permissions"
56T15AP,,Default,simple,"Default Category/Shopping Bags/Place Holder","Bag Tote 15x5.5x15 Die Cut","Bag Tote 15x5.5x15 Die Cut",,0,1,"Taxable Goods","Catalog, Search",243.08,,,,bag-tote-15x5.5x15-die-cut-56T15AP,,,,/56T15AP_base.jpg,"Bag Tote 15x5.5x15 Die Cut base image",/56T15AP_base.jpg,"Bag Tote 15x5.5x15 Die Cut small image",/56T15AP_base.jpg,"Bag Tote 15x5.5x15 Die Cut thumbnail",,,,,,,,1,0,1,base,0,0,"Imported resource (image) could not be downloaded from external resource due to timeout or access permissions"
56T15BC,,Default,simple,"Default Category/Shopping Bags/Place Holder","Bag Tote 15x5.5x15 Die","Bag Tote 15x5.5x15 Die",,0,1,"Taxable Goods","Catalog, Search",243.08,,,,bag-tote-15x5.5x15-die-56T15BC,,,,/56T15BC_base.jpg,"Bag Tote 15x5.5x15 Die base image",/56T15BC_base.jpg,"Bag Tote 15x5.5x15 Die small image",/56T15BC_base.jpg,"Bag Tote 15x5.5x15 Die thumbnail",,,,,,,,1,0,1,base,0,0,"Imported resource (image) could not be downloaded from external resource due to timeout or access permissions"
56T15BY,,Default,simple,"Default Category/Shopping Bags/Place Holder","Bag Tote 15x5.5x15 Die cut","Bag Tote 15x5.5x15 Die cut",,0,1,"Taxable Goods","Catalog, Search",243.08,,,,bag-tote-15x5.5x15-die-cut-56T15BY,,,,/56T15BY_base.jpg,"Bag Tote 15x5.5x15 Die cut base image",/56T15BY_base.jpg,"Bag Tote 15x5.5x15 Die cut small image",/56T15BY_base.jpg,"Bag Tote 15x5.5x15 Die cut thumbnail",,,,,,,,1,0,1,base,0,0,"Imported resource (image) could not be downloaded from external resource due to timeout or access permissions"
56T15MGB,,Default,simple,"Default Category/Shopping Bags/Place Holder","Bag Tote 15x5.5x15 Die Cut","Bag Tote 15x5.5x15 Die Cut",,0,1,"Taxable Goods","Catalog, Search",243.08,,,,bag-tote-15x5.5x15-die-cut-56T15MGB,,,,/56T15MGB_base.jpg,"Bag Tote 15x5.5x15 Die Cut base image",/56T15MGB_base.jpg,"Bag Tote 15x5.5x15 Die Cut small image",/56T15MGB_base.jpg,"Bag Tote 15x5.5x15 Die Cut thumbnail",,,,,,,,1,0,1,base,0,0,"Imported resource (image) could not be downloaded from external resource due to timeout or access permissions"
56T15WC,,Default,simple,"Default Category/Shopping Bags/Place Holder","Bag Tote 15x5.5x15 Die","Bag Tote 15x5.5x15 Die",,0,1,"Taxable Goods","Catalog, Search",243.08,,,,bag-tote-15x5.5x15-die-56T15WC,,,,/56T15WC_base.jpg,"Bag Tote 15x5.5x15 Die base image",/56T15WC_base.jpg,"Bag Tote 15x5.5x15 Die small image",/56T15WC_base.jpg,"Bag Tote 15x5.5x15 Die thumbnail",,,,,,,,1,0,1,base,0,0,"Imported resource (image) could not be downloaded from external resource due to timeout or access permissions"
56T161B,,Default,simple,"Default Category/Shopping Bags/Place Holder","Bag Tote 16x4.75x13 Matte","Bag Tote 16x4.75x13 Matte",,0,1,"Taxable Goods","Catalog, Search",210.12,,,,bag-tote-16x4.75x13-matte-56T161B,,,,/56T161B_base.jpg,"Bag Tote 16x4.75x13 Matte base image",/56T161B_base.jpg,"Bag Tote 16x4.75x13 Matte small image",/56T161B_base.jpg,"Bag Tote 16x4.75x13 Matte thumbnail",,,,,,,,1,0,1,base,0,0,"Imported resource (image) could not be downloaded from external resource due to timeout or access permissions"
56T161BR,,Default,simple,"Default Category/Shopping Bags/Place Holder","Bag Tote 16x4.75x13 Matte","Bag Tote 16x4.75x13 Matte",,0,1,"Taxable Goods","Catalog, Search",210.12,,,,bag-tote-16x4.75x13-matte-56T161BR,,,,/56T161BR_base.jpg,"Bag Tote 16x4.75x13 Matte base image",/56T161BR_base.jpg,"Bag Tote 16x4.75x13 Matte small image",/56T161BR_base.jpg,"Bag Tote 16x4.75x13 Matte thumbnail",,,,,,,,1,0,1,base,0,0,"Imported resource (image) could not be downloaded from external resource due to timeout or access permissions"
56T161G,,Default,simple,"Default Category/Shopping Bags/Place Holder","Bag Tote 16x4.75x13 Matte","Bag Tote 16x4.75x13 Matte",,0,1,"Taxable Goods","Catalog, Search",210.12,,,,bag-tote-16x4.75x13-matte-56T161G,,,,/56T161G_base.jpg,"Bag Tote 16x4.75x13 Matte base image",/56T161G_base.jpg,"Bag Tote 16x4.75x13 Matte small image",/56T161G_base.jpg,"Bag Tote 16x4.75x13 Matte thumbnail",,,,,,,,1,0,1,base,0,0,"Imported resource (image) could not be downloaded from external resource due to timeout or access permissions"
56T161HG,,Default,simple,"Default Category/Shopping Bags/Place Holder","Bag Tote 16x4.75x13 Matte","Bag Tote 16x4.75x13 Matte",,0,1,"Taxable Goods","Catalog, Search",210.12,,,,bag-tote-16x4.75x13-matte-56T161HG,,,,/56T161HG_base.jpg,"Bag Tote 16x4.75x13 Matte base image",/56T161HG_base.jpg,"Bag Tote 16x4.75x13 Matte small image",/56T161HG_base.jpg,"Bag Tote 16x4.75x13 Matte thumbnail",,,,,,,,1,0,1,base,0,0,"Imported resource (image) could not be downloaded from external resource due to timeout or access permissions"
56T161I,,Default,simple,"Default Category/Shopping Bags/Place Holder","Bag Tote 16x4.75x13 Matte","Bag Tote 16x4.75x13 Matte",,0,1,"Taxable Goods","Catalog, Search",210.12,,,,bag-tote-16x4.75x13-matte-56T161I,,,,/56T161I_base.jpg,"Bag Tote 16x4.75x13 Matte base image",/56T161I_base.jpg,"Bag Tote 16x4.75x13 Matte small image",/56T161I_base.jpg,"Bag Tote 16x4.75x13 Matte thumbnail",,,,,,,,1,0,1,base,0,0,"Imported resource (image) could not be downloaded from external resource due to timeout or access permissions"
56T161M,,Default,simple,"Default Category/Shopping Bags/Place Holder","Bag Tote 16x4.75x13 Matte","Bag Tote 16x4.75x13 Matte",,0,1,"Taxable Goods","Catalog, Search",210.12,,,,bag-tote-16x4.75x13-matte-56T161M,,,,/56T161M_base.jpg,"Bag Tote 16x4.75x13 Matte base image",/56T161M_base.jpg,"Bag Tote 16x4.75x13 Matte small image",/56T161M_base.jpg,"Bag Tote 16x4.75x13 Matte thumbnail",,,,,,,,1,0,1,base,0,0,"Imported resource (image) could not be downloaded from external resource due to timeout or access permissions"
56T161NB,,Default,simple,"Default Category/Shopping Bags/Place Holder","Bag Tote 16x4.75x13 Matte Navy","Bag Tote 16x4.75x13 Matte Navy",,0,1,"Taxable Goods","Catalog, Search",210.12,,,,bag-tote-16x4.75x13-matte-navy-56T161NB,,,,/56T161NB_base.jpg,"Bag Tote 16x4.75x13 Matte Navy base image",/56T161NB_base.jpg,"Bag Tote 16x4.75x13 Matte Navy small image",/56T161NB_base.jpg,"Bag Tote 16x4.75x13 Matte Navy thumbnail",,,,,,,,1,0,1,base,0,0,"Imported resource (image) could not be downloaded from external resource due to timeout or access permissions"
56T161O,,Default,simple,"Default Category/Shopping Bags/Place Holder","Bag Tote 16x4.75x13 Matte","Bag Tote 16x4.75x13 Matte",,0,1,"Taxable Goods","Catalog, Search",210.12,,,,bag-tote-16x4.75x13-matte-56T161O,,,,/56T161O_base.jpg,"Bag Tote 16x4.75x13 Matte base image",/56T161O_base.jpg,"Bag Tote 16x4.75x13 Matte small image",/56T161O_base.jpg,"Bag Tote 16x4.75x13 Matte thumbnail",,,,,,,,1,0,1,base,0,0,"Imported resource (image) could not be downloaded from external resource due to timeout or access permissions"
56T161P,,Default,simple,"Default Category/Shopping Bags/Place Holder","Bag Tote 16x4.75x13 Matte","Bag Tote 16x4.75x13 Matte",,0,1,"Taxable Goods","Catalog, Search",210.12,,,,bag-tote-16x4.75x13-matte-56T161P,,,,/56T161P_base.jpg,"Bag Tote 16x4.75x13 Matte base image",/56T161P_base.jpg,"Bag Tote 16x4.75x13 Matte small image",/56T161P_base.jpg,"Bag Tote 16x4.75x13 Matte thumbnail",,,,,,,,1,0,1,base,0,0,"Imported resource (image) could not be downloaded from external resource due to timeout or access permissions"
56T161S,,Default,simple,"Default Category/Shopping Bags/Place Holder","Bag Tote 16x4.75x13 Matte","Bag Tote 16x4.75x13 Matte",,0,1,"Taxable Goods","Catalog, Search",210.12,,,,bag-tote-16x4.75x13-matte-56T161S,,,,/56T161S_base.jpg,"Bag Tote 16x4.75x13 Matte base image",/56T161S_base.jpg,"Bag Tote 16x4.75x13 Matte small image",/56T161S_base.jpg,"Bag Tote 16x4.75x13 Matte thumbnail",,,,,,,,1,0,1,base,0,0,"Imported resource (image) could not be downloaded from external resource due to timeout or access permissions"
56T161W,,Default,simple,"Default Category/Shopping Bags/Place Holder","Bag Tote 16x4.75x13 Matte","Bag Tote 16x4.75x13 Matte",,0,1,"Taxable Goods","Catalog, Search",196.73,,,,bag-tote-16x4.75x13-matte-56T161W,,,,/56T161W_base.jpg,"Bag Tote 16x4.75x13 Matte base image",/56T161W_base.jpg,"Bag Tote 16x4.75x13 Matte small image",/56T161W_base.jpg,"Bag Tote 16x4.75x13 Matte thumbnail",,,,,,,,1,0,1,base,0,0,"Imported resource (image) could not be downloaded from external resource due to timeout or access permissions"
56T16AP,,Default,simple,"Default Category/Shopping Bags/Place Holder","Bag Tote 16x4.75x13 Embossed","Bag Tote 16x4.75x13 Embossed",,0,1,"Taxable Goods","Catalog, Search",228.66,,,,bag-tote-16x4.75x13-embossed-56T16AP,,,,/56T16AP_base.jpg,"Bag Tote 16x4.75x13 Embossed base image",/56T16AP_base.jpg,"Bag Tote 16x4.75x13 Embossed small image",/56T16AP_base.jpg,"Bag Tote 16x4.75x13 Embossed thumbnail",,,,,,,,1,0,1,base,0,0,"Imported resource (image) could not be downloaded from external resource due to timeout or access permissions"
56T16B,,Default,simple,"Default Category/Shopping Bags/Place Holder","Bag Tote 16x4.75x13 Gloss","Bag Tote 16x4.75x13 Gloss",,0,1,"Taxable Goods","Catalog, Search",194.67,,,,bag-tote-16x4.75x13-gloss-56T16B,,,,/56T16B_base.jpg,"Bag Tote 16x4.75x13 Gloss base image",/56T16B_base.jpg,"Bag Tote 16x4.75x13 Gloss small image",/56T16B_base.jpg,"Bag Tote 16x4.75x13 Gloss thumbnail",,,,,,,,1,0,1,base,0,0,"Imported resource (image) could not be downloaded from external resource due to timeout or access permissions"
56T16BC,,Default,simple,"Default Category/Shopping Bags/Place Holder","Bag Tote 16x4.75x13 Corduroy","Bag Tote 16x4.75x13 Corduroy",,0,1,"Taxable Goods","Catalog, Search",228.66,,,,bag-tote-16x4.75x13-corduroy-56T16BC,,,,/56T16BC_base.jpg,"Bag Tote 16x4.75x13 Corduroy base image",/56T16BC_base.jpg,"Bag Tote 16x4.75x13 Corduroy small image",/56T16BC_base.jpg,"Bag Tote 16x4.75x13 Corduroy thumbnail",,,,,,,,1,0,1,base,0,0,"Imported resource (image) could not be downloaded from external resource due to timeout or access permissions"
56T16BY,,Default,simple,"Default Category/Shopping Bags/Place Holder","Bag Tote 16x4.75x13 Embossed","Bag Tote 16x4.75x13 Embossed",,0,1,"Taxable Goods","Catalog, Search",228.66,,,,bag-tote-16x4.75x13-embossed-56T16BY,,,,/56T16BY_base.jpg,"Bag Tote 16x4.75x13 Embossed base image",/56T16BY_base.jpg,"Bag Tote 16x4.75x13 Embossed small image",/56T16BY_base.jpg,"Bag Tote 16x4.75x13 Embossed thumbnail",,,,,,,,1,0,1,base,0,0,"Imported resource (image) could not be downloaded from external resource due to timeout or access permissions"
56T16HG,,Default,simple,"Default Category/Shopping Bags/Place Holder","Bag Tote 16x4.75x13 Gloss","Bag Tote 16x4.75x13 Gloss",,0,1,"Taxable Goods","Catalog, Search",194.67,,,,bag-tote-16x4.75x13-gloss-56T16HG,,,,/56T16HG_base.jpg,"Bag Tote 16x4.75x13 Gloss base image",/56T16HG_base.jpg,"Bag Tote 16x4.75x13 Gloss small image",/56T16HG_base.jpg,"Bag Tote 16x4.75x13 Gloss thumbnail",,,,,,,,1,0,1,base,0,0,"Imported resource (image) could not be downloaded from external resource due to timeout or access permissions"
56T16M,,Default,simple,"Default Category/Shopping Bags/Place Holder","Bag Tote 16x4.75x13 Gloss","Bag Tote 16x4.75x13 Gloss",,0,1,"Taxable Goods","Catalog, Search",194.67,,,,bag-tote-16x4.75x13-gloss-56T16M,,,,/56T16M_base.jpg,"Bag Tote 16x4.75x13 Gloss base image",/56T16M_base.jpg,"Bag Tote 16x4.75x13 Gloss small image",/56T16M_base.jpg,"Bag Tote 16x4.75x13 Gloss thumbnail",,,,,,,,1,0,1,base,0,0,"Imported resource (image) could not be downloaded from external resource due to timeout or access permissions"
56T16MGB,,Default,simple,"Default Category/Shopping Bags/Place Holder","Bag Tote 16x4.75x13 Embossed","Bag Tote 16x4.75x13 Embossed",,0,1,"Taxable Goods","Catalog, Search",228.66,,,,bag-tote-16x4.75x13-embossed-56T16MGB,,,,/56T16MGB_base.jpg,"Bag Tote 16x4.75x13 Embossed base image",/56T16MGB_base.jpg,"Bag Tote 16x4.75x13 Embossed small image",/56T16MGB_base.jpg,"Bag Tote 16x4.75x13 Embossed thumbnail",,,,,,,,1,0,1,base,0,0,"Imported resource (image) could not be downloaded from external resource due to timeout or access permissions"
56T16NB,,Default,simple,"Default Category/Shopping Bags/Place Holder","Bag Tote 16x4.75x13 Gloss Navy","Bag Tote 16x4.75x13 Gloss Navy",,0,1,"Taxable Goods","Catalog, Search",194.67,,,,bag-tote-16x4.75x13-gloss-navy-56T16NB,,,,/56T16NB_base.jpg,"Bag Tote 16x4.75x13 Gloss Navy base image",/56T16NB_base.jpg,"Bag Tote 16x4.75x13 Gloss Navy small image",/56T16NB_base.jpg,"Bag Tote 16x4.75x13 Gloss Navy thumbnail",,,,,,,,1,0,1,base,0,0,"Imported resource (image) could not be downloaded from external resource due to timeout or access permissions"
56T16NK,,Default,simple,"Default Category/Shopping Bags/Place Holder","Bag Tote 16x4.75x13 Nat. Kraft","Bag Tote 16x4.75x13 Nat. Kraft",,0,1,"Taxable Goods","Catalog, Search",188.49,,,,bag-tote-16x4.75x13-nat.-kraft-56T16NK,,,,/56T16NK_base.jpg,"Bag Tote 16x4.75x13 Nat. Kraft base image",/56T16NK_base.jpg,"Bag Tote 16x4.75x13 Nat. Kraft small image",/56T16NK_base.jpg,"Bag Tote 16x4.75x13 Nat. Kraft thumbnail",,,,,,,,1,0,1,base,0,0,"Imported resource (image) could not be downloaded from external resource due to timeout or access permissions"
56T16P,,Default,simple,"Default Category/Shopping Bags/Place Holder","Bag Tote 16x4.75x13 Gloss","Bag Tote 16x4.75x13 Gloss",,0,1,"Taxable Goods","Catalog, Search",194.67,,,,bag-tote-16x4.75x13-gloss-56T16P,,,,/56T16P_base.jpg,"Bag Tote 16x4.75x13 Gloss base image",/56T16P_base.jpg,"Bag Tote 16x4.75x13 Gloss small image",/56T16P_base.jpg,"Bag Tote 16x4.75x13 Gloss thumbnail",,,,,,,,1,0,1,base,0,0,"Imported resource (image) could not be downloaded from external resource due to timeout or access permissions"
56T16R,,Default,simple,"Default Category/Shopping Bags/Place Holder","Bag Tote 16x4.75x13 Gloss Red","Bag Tote 16x4.75x13 Gloss Red",,0,1,"Taxable Goods","Catalog, Search",194.67,,,,bag-tote-16x4.75x13-gloss-red-56T16R,,,,/56T16R_base.jpg,"Bag Tote 16x4.75x13 Gloss Red base image",/56T16R_base.jpg,"Bag Tote 16x4.75x13 Gloss Red small image",/56T16R_base.jpg,"Bag Tote 16x4.75x13 Gloss Red thumbnail",,,,,,,,1,0,1,base,0,0,"Imported resource (image) could not be downloaded from external resource due to timeout or access permissions"
56T16RB,,Default,simple,"Default Category/Shopping Bags/Place Holder","Bag Tote 16x4.75x13 Gloss","Bag Tote 16x4.75x13 Gloss",,0,1,"Taxable Goods","Catalog, Search",194.67,,,,bag-tote-16x4.75x13-gloss-56T16RB,,,,/56T16RB_base.jpg,"Bag Tote 16x4.75x13 Gloss base image",/56T16RB_base.jpg,"Bag Tote 16x4.75x13 Gloss small image",/56T16RB_base.jpg,"Bag Tote 16x4.75x13 Gloss thumbnail",,,,,,,,1,0,1,base,0,0,"Imported resource (image) could not be downloaded from external resource due to timeout or access permissions"
56T16S,,Default,simple,"Default Category/Shopping Bags/Place Holder","Bag Tote 16x4.75x13 Gloss","Bag Tote 16x4.75x13 Gloss",,0,1,"Taxable Goods","Catalog, Search",194.67,,,,bag-tote-16x4.75x13-gloss-56T16S,,,,/56T16S_base.jpg,"Bag Tote 16x4.75x13 Gloss base image",/56T16S_base.jpg,"Bag Tote 16x4.75x13 Gloss small image",/56T16S_base.jpg,"Bag Tote 16x4.75x13 Gloss thumbnail",,,,,,,,1,0,1,base,0,0,"Imported resource (image) could not be downloaded from external resource due to timeout or access permissions"
56T16W,,Default,simple,"Default Category/Shopping Bags/Place Holder","Bag Tote 16x4.75x13 Gloss","Bag Tote 16x4.75x13 Gloss",,0,1,"Taxable Goods","Catalog, Search",179.22,,,,bag-tote-16x4.75x13-gloss-56T16W,,,,/56T16W_base.jpg,"Bag Tote 16x4.75x13 Gloss base image",/56T16W_base.jpg,"Bag Tote 16x4.75x13 Gloss small image",/56T16W_base.jpg,"Bag Tote 16x4.75x13 Gloss thumbnail",,,,,,,,1,0,1,base,0,0,"Imported resource (image) could not be downloaded from external resource due to timeout or access permissions"
56T16WC,,Default,simple,"Default Category/Shopping Bags/Place Holder","Bag Tote 16x4.75x13 Corduroy","Bag Tote 16x4.75x13 Corduroy",,0,1,"Taxable Goods","Catalog, Search",228.66,,,,bag-tote-16x4.75x13-corduroy-56T16WC,,,,/56T16WC_base.jpg,"Bag Tote 16x4.75x13 Corduroy base image",/56T16WC_base.jpg,"Bag Tote 16x4.75x13 Corduroy small image",/56T16WC_base.jpg,"Bag Tote 16x4.75x13 Corduroy thumbnail",,,,,,,,1,0,1,base,0,0,"Imported resource (image) could not be downloaded from external resource due to timeout or access permissions"
56T201B,,Default,simple,"Default Category/Shopping Bags/Place Holder","Bag Tote 20x6x16 Matte Black","Bag Tote 20x6x16 Matte Black",,0,1,"Taxable Goods","Catalog, Search",167.89,,,,bag-tote-20x6x16-matte-black-56T201B,,,,/56T201B_base.jpg,"Bag Tote 20x6x16 Matte Black base image",/56T201B_base.jpg,"Bag Tote 20x6x16 Matte Black small image",/56T201B_base.jpg,"Bag Tote 20x6x16 Matte Black thumbnail",,,,,,,,1,0,1,base,0,0,"Imported resource (image) could not be downloaded from external resource due to timeout or access permissions"
56T201BR,,Default,simple,"Default Category/Shopping Bags/Place Holder","Bag Tote 20x6x16 Matte","Bag Tote 20x6x16 Matte",,0,1,"Taxable Goods","Catalog, Search",167.89,,,,bag-tote-20x6x16-matte-56T201BR,,,,/56T201BR_base.jpg,"Bag Tote 20x6x16 Matte base image",/56T201BR_base.jpg,"Bag Tote 20x6x16 Matte small image",/56T201BR_base.jpg,"Bag Tote 20x6x16 Matte thumbnail",,,,,,,,1,0,1,base,0,0,"Imported resource (image) could not be downloaded from external resource due to timeout or access permissions"
56T201G,,Default,simple,"Default Category/Shopping Bags/Place Holder","Bag Tote 20x6x16 Matte Baroque","Bag Tote 20x6x16 Matte Baroque",,0,1,"Taxable Goods","Catalog, Search",167.89,,,,bag-tote-20x6x16-matte-baroque-56T201G,,,,/56T201G_base.jpg,"Bag Tote 20x6x16 Matte Baroque base image",/56T201G_base.jpg,"Bag Tote 20x6x16 Matte Baroque small image",/56T201G_base.jpg,"Bag Tote 20x6x16 Matte Baroque thumbnail",,,,,,,,1,0,1,base,0,0,"Imported resource (image) could not be downloaded from external resource due to timeout or access permissions"
56T201HG,,Default,simple,"Default Category/Shopping Bags/Place Holder","Bag Tote 20x6x16 Matte Hunter","Bag Tote 20x6x16 Matte Hunter",,0,1,"Taxable Goods","Catalog, Search",167.89,,,,bag-tote-20x6x16-matte-hunter-56T201HG,,,,/56T201HG_base.jpg,"Bag Tote 20x6x16 Matte Hunter base image",/56T201HG_base.jpg,"Bag Tote 20x6x16 Matte Hunter small image",/56T201HG_base.jpg,"Bag Tote 20x6x16 Matte Hunter thumbnail",,,,,,,,1,0,1,base,0,0,"Imported resource (image) could not be downloaded from external resource due to timeout or access permissions"
56T201I,,Default,simple,"Default Category/Shopping Bags/Place Holder","Bag Tote 20x6x16 Matte Ivory","Bag Tote 20x6x16 Matte Ivory",,0,1,"Taxable Goods","Catalog, Search",167.89,,,,bag-tote-20x6x16-matte-ivory-56T201I,,,,/56T201I_base.jpg,"Bag Tote 20x6x16 Matte Ivory base image",/56T201I_base.jpg,"Bag Tote 20x6x16 Matte Ivory small image",/56T201I_base.jpg,"Bag Tote 20x6x16 Matte Ivory thumbnail",,,,,,,,1,0,1,base,0,0,"Imported resource (image) could not be downloaded from external resource due to timeout or access permissions"
56T201M,,Default,simple,"Default Category/Shopping Bags/Place Holder","Bag Tote 20x6x16 Matte Maroon","Bag Tote 20x6x16 Matte Maroon",,0,1,"Taxable Goods","Catalog, Search",167.89,,,,bag-tote-20x6x16-matte-maroon-56T201M,,,,/56T201M_base.jpg,"Bag Tote 20x6x16 Matte Maroon base image",/56T201M_base.jpg,"Bag Tote 20x6x16 Matte Maroon small image",/56T201M_base.jpg,"Bag Tote 20x6x16 Matte Maroon thumbnail",,,,,,,,1,0,1,base,0,0,"Imported resource (image) could not be downloaded from external resource due to timeout or access permissions"
56T201NB,,Default,simple,"Default Category/Shopping Bags/Place Holder","Bag Tote 20x6x16 Matte Navy","Bag Tote 20x6x16 Matte Navy",,0,1,"Taxable Goods","Catalog, Search",167.89,,,,bag-tote-20x6x16-matte-navy-56T201NB,,,,/56T201NB_base.jpg,"Bag Tote 20x6x16 Matte Navy base image",/56T201NB_base.jpg,"Bag Tote 20x6x16 Matte Navy small image",/56T201NB_base.jpg,"Bag Tote 20x6x16 Matte Navy thumbnail",,,,,,,,1,0,1,base,0,0,"Imported resource (image) could not be downloaded from external resource due to timeout or access permissions"
56T201O,,Default,simple,"Default Category/Shopping Bags/Place Holder","Bag Tote 20x6x16 Matte","Bag Tote 20x6x16 Matte",,0,1,"Taxable Goods","Catalog, Search",167.89,,,,bag-tote-20x6x16-matte-56T201O,,,,/56T201O_base.jpg,"Bag Tote 20x6x16 Matte base image",/56T201O_base.jpg,"Bag Tote 20x6x16 Matte small image",/56T201O_base.jpg,"Bag Tote 20x6x16 Matte thumbnail",,,,,,,,1,0,1,base,0,0,"Imported resource (image) could not be downloaded from external resource due to timeout or access permissions"
56T201P,,Default,simple,"Default Category/Shopping Bags/Place Holder","Bag Tote 20x6x16 Matte Purple","Bag Tote 20x6x16 Matte Purple",,0,1,"Taxable Goods","Catalog, Search",167.89,,,,bag-tote-20x6x16-matte-purple-56T201P,,,,/56T201P_base.jpg,"Bag Tote 20x6x16 Matte Purple base image",/56T201P_base.jpg,"Bag Tote 20x6x16 Matte Purple small image",/56T201P_base.jpg,"Bag Tote 20x6x16 Matte Purple thumbnail",,,,,,,,1,0,1,base,0,0,"Imported resource (image) could not be downloaded from external resource due to timeout or access permissions"
56T201S,,Default,simple,"Default Category/Shopping Bags/Place Holder","Bag Tote 20x6x16 Matte Silver","Bag Tote 20x6x16 Matte Silver",,0,1,"Taxable Goods","Catalog, Search",167.89,,,,bag-tote-20x6x16-matte-silver-56T201S,,,,/56T201S_base.jpg,"Bag Tote 20x6x16 Matte Silver base image",/56T201S_base.jpg,"Bag Tote 20x6x16 Matte Silver small image",/56T201S_base.jpg,"Bag Tote 20x6x16 Matte Silver thumbnail",,,,,,,,1,0,1,base,0,0,"Imported resource (image) could not be downloaded from external resource due to timeout or access permissions"
56T201W,,Default,simple,"Default Category/Shopping Bags/Place Holder","Bag Tote 20x6x16 Matte White","Bag Tote 20x6x16 Matte White",,0,1,"Taxable Goods","Catalog, Search",156.56,,,,bag-tote-20x6x16-matte-white-56T201W,,,,/56T201W_base.jpg,"Bag Tote 20x6x16 Matte White base image",/56T201W_base.jpg,"Bag Tote 20x6x16 Matte White small image",/56T201W_base.jpg,"Bag Tote 20x6x16 Matte White thumbnail",,,,,,,,1,0,1,base,0,0,"Imported resource (image) could not be downloaded from external resource due to timeout or access permissions"
56T20AP,,Default,simple,"Default Category/Shopping Bags/Place Holder","Bag Tote 20x6x16 Embossed","Bag Tote 20x6x16 Embossed",,0,1,"Taxable Goods","Catalog, Search",190.04,,,,bag-tote-20x6x16-embossed-56T20AP,,,,/56T20AP_base.jpg,"Bag Tote 20x6x16 Embossed base image",/56T20AP_base.jpg,"Bag Tote 20x6x16 Embossed small image",/56T20AP_base.jpg,"Bag Tote 20x6x16 Embossed thumbnail",,,,,,,,1,0,1,base,0,0,"Imported resource (image) could not be downloaded from external resource due to timeout or access permissions"
56T20B,,Default,simple,"Default Category/Shopping Bags/Place Holder","Bag Tote 20x6x16 Gloss Black","Bag Tote 20x6x16 Gloss Black",,0,1,"Taxable Goods","Catalog, Search",162.74,,,,bag-tote-20x6x16-gloss-black-56T20B,,,,/56T20B_base.jpg,"Bag Tote 20x6x16 Gloss Black base image",/56T20B_base.jpg,"Bag Tote 20x6x16 Gloss Black small image",/56T20B_base.jpg,"Bag Tote 20x6x16 Gloss Black thumbnail",,,,,,,,1,0,1,base,0,0,"Imported resource (image) could not be downloaded from external resource due to timeout or access permissions"
56T20BC,,Default,simple,"Default Category/Shopping Bags/Place Holder","Bag Tote 20x6x16 Corduroy","Bag Tote 20x6x16 Corduroy",,0,1,"Taxable Goods","Catalog, Search",190.04,,,,bag-tote-20x6x16-corduroy-56T20BC,,,,/56T20BC_base.jpg,"Bag Tote 20x6x16 Corduroy base image",/56T20BC_base.jpg,"Bag Tote 20x6x16 Corduroy small image",/56T20BC_base.jpg,"Bag Tote 20x6x16 Corduroy thumbnail",,,,,,,,1,0,1,base,0,0,"Imported resource (image) could not be downloaded from external resource due to timeout or access permissions"
56T20BY,,Default,simple,"Default Category/Shopping Bags/Place Holder","Bag Tote 20x6x16 Embossed","Bag Tote 20x6x16 Embossed",,0,1,"Taxable Goods","Catalog, Search",190.04,,,,bag-tote-20x6x16-embossed-56T20BY,,,,/56T20BY_base.jpg,"Bag Tote 20x6x16 Embossed base image",/56T20BY_base.jpg,"Bag Tote 20x6x16 Embossed small image",/56T20BY_base.jpg,"Bag Tote 20x6x16 Embossed thumbnail",,,,,,,,1,0,1,base,0,0,"Imported resource (image) could not be downloaded from external resource due to timeout or access permissions"
56T20MGB,,Default,simple,"Default Category/Shopping Bags/Place Holder","Bag Tote 20x6x16 Embossed Mrng","Bag Tote 20x6x16 Embossed Mrng",,0,1,"Taxable Goods","Catalog, Search",190.04,,,,bag-tote-20x6x16-embossed-mrng-56T20MGB,,,,/56T20MGB_base.jpg,"Bag Tote 20x6x16 Embossed Mrng base image",/56T20MGB_base.jpg,"Bag Tote 20x6x16 Embossed Mrng small image",/56T20MGB_base.jpg,"Bag Tote 20x6x16 Embossed Mrng thumbnail",,,,,,,,1,0,1,base,0,0,"Imported resource (image) could not be downloaded from external resource due to timeout or access permissions"
56T20NK,,Default,simple,"Default Category/Shopping Bags/Place Holder","Bag Tote 20x6x16 Nat. Kraft","Bag Tote 20x6x16 Nat. Kraft",,0,1,"Taxable Goods","Catalog, Search",162.74,,,,bag-tote-20x6x16-nat.-kraft-56T20NK,,,,/56T20NK_base.jpg,"Bag Tote 20x6x16 Nat. Kraft base image",/56T20NK_base.jpg,"Bag Tote 20x6x16 Nat. Kraft small image",/56T20NK_base.jpg,"Bag Tote 20x6x16 Nat. Kraft thumbnail",,,,,,,,1,0,1,base,0,0,"Imported resource (image) could not be downloaded from external resource due to timeout or access permissions"
56T20W,,Default,simple,"Default Category/Shopping Bags/Place Holder","Bag Tote 20x6x16 White Gloss","Bag Tote 20x6x16 White Gloss",,0,1,"Taxable Goods","Catalog, Search",139.57,,,,bag-tote-20x6x16-white-gloss-56T20W,,,,/56T20W_base.jpg,"Bag Tote 20x6x16 White Gloss base image",/56T20W_base.jpg,"Bag Tote 20x6x16 White Gloss small image",/56T20W_base.jpg,"Bag Tote 20x6x16 White Gloss thumbnail",,,,,,,,1,0,1,base,0,0,"Imported resource (image) could not be downloaded from external resource due to timeout or access permissions"
56T20WC,,Default,simple,"Default Category/Shopping Bags/Place Holder","Bag Tote 20x6x16 Corduroy","Bag Tote 20x6x16 Corduroy",,0,1,"Taxable Goods","Catalog, Search",190.04,,,,bag-tote-20x6x16-corduroy-56T20WC,,,,/56T20WC_base.jpg,"Bag Tote 20x6x16 Corduroy base image",/56T20WC_base.jpg,"Bag Tote 20x6x16 Corduroy small image",/56T20WC_base.jpg,"Bag Tote 20x6x16 Corduroy thumbnail",,,,,,,,1,0,1,base,0,0,"Imported resource (image) could not be downloaded from external resource due to timeout or access permissions"
56T31G,,Default,simple,"Default Category/Shopping Bags/Place Holder","Bag Tote 3x2.5x3.5 Matte Gold","Bag Tote 3x2.5x3.5 Matte Gold",,0,1,"Taxable Goods","Catalog, Search",325.48,,,,bag-tote-3x2.5x3.5-matte-gold-56T31G,,,,/56T31G_base.jpg,"Bag Tote 3x2.5x3.5 Matte Gold base image",/56T31G_base.jpg,"Bag Tote 3x2.5x3.5 Matte Gold small image",/56T31G_base.jpg,"Bag Tote 3x2.5x3.5 Matte Gold thumbnail",,,,,,,,1,0,1,base,0,0,"Imported resource (image) could not be downloaded from external resource due to timeout or access permissions"
56T31S,,Default,simple,"Default Category/Shopping Bags/Place Holder","Bag Tote 3x2.5x3.5 Matte","Bag Tote 3x2.5x3.5 Matte",,0,1,"Taxable Goods","Catalog, Search",325.48,,,,bag-tote-3x2.5x3.5-matte-56T31S,,,,/56T31S_base.jpg,"Bag Tote 3x2.5x3.5 Matte base image",/56T31S_base.jpg,"Bag Tote 3x2.5x3.5 Matte small image",/56T31S_base.jpg,"Bag Tote 3x2.5x3.5 Matte thumbnail",,,,,,,,1,0,1,base,0,0,"Imported resource (image) could not be downloaded from external resource due to timeout or access permissions"
56T31W,,Default,simple,"Default Category/Shopping Bags/Place Holder","Bag Tote 3x2.5x3.5 Matte White","Bag Tote 3x2.5x3.5 Matte White",,0,1,"Taxable Goods","Catalog, Search",300.76,,,,bag-tote-3x2.5x3.5-matte-white-56T31W,,,,/56T31W_base.jpg,"Bag Tote 3x2.5x3.5 Matte White base image",/56T31W_base.jpg,"Bag Tote 3x2.5x3.5 Matte White small image",/56T31W_base.jpg,"Bag Tote 3x2.5x3.5 Matte White thumbnail",,,,,,,,1,0,1,base,0,0,"Imported resource (image) could not be downloaded from external resource due to timeout or access permissions"
56T3B,,Default,simple,"Default Category/Shopping Bags/Place Holder","Bag Tote 3x2.5x3.5 Gloss Black","Bag Tote 3x2.5x3.5 Gloss Black",,0,1,"Taxable Goods","Catalog, Search",292.52,,,,bag-tote-3x2.5x3.5-gloss-black-56T3B,,,,/56T3B_base.jpg,"Bag Tote 3x2.5x3.5 Gloss Black base image",/56T3B_base.jpg,"Bag Tote 3x2.5x3.5 Gloss Black small image",/56T3B_base.jpg,"Bag Tote 3x2.5x3.5 Gloss Black thumbnail",,,,,,,,1,0,1,base,0,0,"Imported resource (image) could not be downloaded from external resource due to timeout or access permissions"
56T3MG,,Default,simple,"Default Category/Shopping Bags/Place Holder","Bag Tote 3x2.5x3.5 Metallic","Bag Tote 3x2.5x3.5 Metallic",,0,1,"Taxable Goods","Catalog, Search",341.96,,,,bag-tote-3x2.5x3.5-metallic-56T3MG,,,,/56T3MG_base.jpg,"Bag Tote 3x2.5x3.5 Metallic base image",/56T3MG_base.jpg,"Bag Tote 3x2.5x3.5 Metallic small image",/56T3MG_base.jpg,"Bag Tote 3x2.5x3.5 Metallic thumbnail",,,,,,,,1,0,1,base,0,0,"Imported resource (image) could not be downloaded from external resource due to timeout or access permissions"
56T3R,,Default,simple,"Default Category/Shopping Bags/Place Holder","Bag Tote 3x2.5x3.5 Gloss Red","Bag Tote 3x2.5x3.5 Gloss Red",,0,1,"Taxable Goods","Catalog, Search",292.52,,,,bag-tote-3x2.5x3.5-gloss-red-56T3R,,,,/56T3R_base.jpg,"Bag Tote 3x2.5x3.5 Gloss Red base image",/56T3R_base.jpg,"Bag Tote 3x2.5x3.5 Gloss Red small image",/56T3R_base.jpg,"Bag Tote 3x2.5x3.5 Gloss Red thumbnail",,,,,,,,1,0,1,base,0,0,"Imported resource (image) could not be downloaded from external resource due to timeout or access permissions"
56T3W,,Default,simple,"Default Category/Shopping Bags/Place Holder","Bag Tote 3x2.5x3.5 Gloss White","Bag Tote 3x2.5x3.5 Gloss White",,0,1,"Taxable Goods","Catalog, Search",259.56,,,,bag-tote-3x2.5x3.5-gloss-white-56T3W,,,,/56T3W_base.jpg,"Bag Tote 3x2.5x3.5 Gloss White base image",/56T3W_base.jpg,"Bag Tote 3x2.5x3.5 Gloss White small image",/56T3W_base.jpg,"Bag Tote 3x2.5x3.5 Gloss White thumbnail",,,,,,,,1,0,1,base,0,0,"Imported resource (image) could not be downloaded from external resource due to timeout or access permissions"
56T51G,,Default,simple,"Default Category/Shopping Bags/Place Holder","Bag Tote 5x3.5x13 Matte","Bag Tote 5x3.5x13 Matte",,0,1,"Taxable Goods","Catalog, Search",259.56,,,,bag-tote-5x3.5x13-matte-56T51G,,,,/56T51G_base.jpg,"Bag Tote 5x3.5x13 Matte base image",/56T51G_base.jpg,"Bag Tote 5x3.5x13 Matte small image",/56T51G_base.jpg,"Bag Tote 5x3.5x13 Matte thumbnail",,,,,,,,1,0,1,base,0,0,"Imported resource (image) could not be downloaded from external resource due to timeout or access permissions"
56T51S,,Default,simple,"Default Category/Shopping Bags/Place Holder","Bag Tote 5x3.5x13 Matte Silver","Bag Tote 5x3.5x13 Matte Silver",,0,1,"Taxable Goods","Catalog, Search",259.56,,,,bag-tote-5x3.5x13-matte-silver-56T51S,,,,/56T51S_base.jpg,"Bag Tote 5x3.5x13 Matte Silver base image",/56T51S_base.jpg,"Bag Tote 5x3.5x13 Matte Silver small image",/56T51S_base.jpg,"Bag Tote 5x3.5x13 Matte Silver thumbnail",,,,,,,,1,0,1,base,0,0,"Imported resource (image) could not be downloaded from external resource due to timeout or access permissions"
56T5MG,,Default,simple,"Default Category/Shopping Bags/Place Holder","Bag Tote 5x3.5x13 Metallic","Bag Tote 5x3.5x13 Metallic",,0,1,"Taxable Goods","Catalog, Search",290.46,,,,bag-tote-5x3.5x13-metallic-56T5MG,,,,/56T5MG_base.jpg,"Bag Tote 5x3.5x13 Metallic base image",/56T5MG_base.jpg,"Bag Tote 5x3.5x13 Metallic small image",/56T5MG_base.jpg,"Bag Tote 5x3.5x13 Metallic thumbnail",,,,,,,,1,0,1,base,0,0,"Imported resource (image) could not be downloaded from external resource due to timeout or access permissions"
56T5R,,Default,simple,"Default Category/Shopping Bags/Place Holder","Bag Tote 5 x 3.5 x 13 Gloss","Bag Tote 5 x 3.5 x 13 Gloss",,0,1,"Taxable Goods","Catalog, Search",206,,,,bag-tote-5-x-3.5-x-13-gloss-56T5R,,,,/56T5R_base.jpg,"Bag Tote 5 x 3.5 x 13 Gloss base image",/56T5R_base.jpg,"Bag Tote 5 x 3.5 x 13 Gloss small image",/56T5R_base.jpg,"Bag Tote 5 x 3.5 x 13 Gloss thumbnail",,,,,,,,1,0,1,base,0,0,"Imported resource (image) could not be downloaded from external resource due to timeout or access permissions"
56T5W,,Default,simple,"Default Category/Shopping Bags/Place Holder","Bag Tote 5x3.5x13 Gloss White","Bag Tote 5x3.5x13 Gloss White",,0,1,"Taxable Goods","Catalog, Search",187.46,,,,bag-tote-5x3.5x13-gloss-white-56T5W,,,,/56T5W_base.jpg,"Bag Tote 5x3.5x13 Gloss White base image",/56T5W_base.jpg,"Bag Tote 5x3.5x13 Gloss White small image",/56T5W_base.jpg,"Bag Tote 5x3.5x13 Gloss White thumbnail",,,,,,,,1,0,1,base,0,0,"Imported resource (image) could not be downloaded from external resource due to timeout or access permissions"
56T61B,,Default,simple,"Default Category/Shopping Bags/Place Holder","Bag Tote 6.5x3.5x6.5 Matte","Bag Tote 6.5x3.5x6.5 Matte",,0,1,"Taxable Goods","Catalog, Search",193.64,,,,bag-tote-6.5x3.5x6.5-matte-56T61B,,,,/56T61B_base.jpg,"Bag Tote 6.5x3.5x6.5 Matte base image",/56T61B_base.jpg,"Bag Tote 6.5x3.5x6.5 Matte small image",/56T61B_base.jpg,"Bag Tote 6.5x3.5x6.5 Matte thumbnail",,,,,,,,1,0,1,base,0,0,"Imported resource (image) could not be downloaded from external resource due to timeout or access permissions"
56T61BR,,Default,simple,"Default Category/Shopping Bags/Place Holder","Bag Tote 6.5x3.5x6.5 Matte","Bag Tote 6.5x3.5x6.5 Matte",,0,1,"Taxable Goods","Catalog, Search",193.64,,,,bag-tote-6.5x3.5x6.5-matte-56T61BR,,,,/56T61BR_base.jpg,"Bag Tote 6.5x3.5x6.5 Matte base image",/56T61BR_base.jpg,"Bag Tote 6.5x3.5x6.5 Matte small image",/56T61BR_base.jpg,"Bag Tote 6.5x3.5x6.5 Matte thumbnail",,,,,,,,1,0,1,base,0,0,"Imported resource (image) could not be downloaded from external resource due to timeout or access permissions"
56T61G,,Default,simple,"Default Category/Shopping Bags/Place Holder","Bag Tote 6.5x3.5x6.5 Matte","Bag Tote 6.5x3.5x6.5 Matte",,0,1,"Taxable Goods","Catalog, Search",193.64,,,,bag-tote-6.5x3.5x6.5-matte-56T61G,,,,/56T61G_base.jpg,"Bag Tote 6.5x3.5x6.5 Matte base image",/56T61G_base.jpg,"Bag Tote 6.5x3.5x6.5 Matte small image",/56T61G_base.jpg,"Bag Tote 6.5x3.5x6.5 Matte thumbnail",,,,,,,,1,0,1,base,0,0,"Imported resource (image) could not be downloaded from external resource due to timeout or access permissions"
56T61HG,,Default,simple,"Default Category/Shopping Bags/Place Holder","Bag Tote 6.5x3.5x6.5 Matte","Bag Tote 6.5x3.5x6.5 Matte",,0,1,"Taxable Goods","Catalog, Search",193.64,,,,bag-tote-6.5x3.5x6.5-matte-56T61HG,,,,/56T61HG_base.jpg,"Bag Tote 6.5x3.5x6.5 Matte base image",/56T61HG_base.jpg,"Bag Tote 6.5x3.5x6.5 Matte small image",/56T61HG_base.jpg,"Bag Tote 6.5x3.5x6.5 Matte thumbnail",,,,,,,,1,0,1,base,0,0,"Imported resource (image) could not be downloaded from external resource due to timeout or access permissions"
56T61I,,Default,simple,"Default Category/Shopping Bags/Place Holder","Bag Tote 6.5x3.5x6.5 Matte","Bag Tote 6.5x3.5x6.5 Matte",,0,1,"Taxable Goods","Catalog, Search",193.64,,,,bag-tote-6.5x3.5x6.5-matte-56T61I,,,,/56T61I_base.jpg,"Bag Tote 6.5x3.5x6.5 Matte base image",/56T61I_base.jpg,"Bag Tote 6.5x3.5x6.5 Matte small image",/56T61I_base.jpg,"Bag Tote 6.5x3.5x6.5 Matte thumbnail",,,,,,,,1,0,1,base,0,0,"Imported resource (image) could not be downloaded from external resource due to timeout or access permissions"
56T61M,,Default,simple,"Default Category/Shopping Bags/Place Holder","Bag Tote 6.5x3.5x6.5 Matte","Bag Tote 6.5x3.5x6.5 Matte",,0,1,"Taxable Goods","Catalog, Search",193.64,,,,bag-tote-6.5x3.5x6.5-matte-56T61M,,,,/56T61M_base.jpg,"Bag Tote 6.5x3.5x6.5 Matte base image",/56T61M_base.jpg,"Bag Tote 6.5x3.5x6.5 Matte small image",/56T61M_base.jpg,"Bag Tote 6.5x3.5x6.5 Matte thumbnail",,,,,,,,1,0,1,base,0,0,"Imported resource (image) could not be downloaded from external resource due to timeout or access permissions"
56T61NB,,Default,simple,"Default Category/Shopping Bags/Place Holder","Bag Tote 6.5x3.5x6.5 Matte","Bag Tote 6.5x3.5x6.5 Matte",,0,1,"Taxable Goods","Catalog, Search",193.64,,,,bag-tote-6.5x3.5x6.5-matte-56T61NB,,,,/56T61NB_base.jpg,"Bag Tote 6.5x3.5x6.5 Matte base image",/56T61NB_base.jpg,"Bag Tote 6.5x3.5x6.5 Matte small image",/56T61NB_base.jpg,"Bag Tote 6.5x3.5x6.5 Matte thumbnail",,,,,,,,1,0,1,base,0,0,"Imported resource (image) could not be downloaded from external resource due to timeout or access permissions"
56T61O,,Default,simple,"Default Category/Shopping Bags/Place Holder","Bag Tote 6.5x3.5x6.5 Matte","Bag Tote 6.5x3.5x6.5 Matte",,0,1,"Taxable Goods","Catalog, Search",193.64,,,,bag-tote-6.5x3.5x6.5-matte-56T61O,,,,/56T61O_base.jpg,"Bag Tote 6.5x3.5x6.5 Matte base image",/56T61O_base.jpg,"Bag Tote 6.5x3.5x6.5 Matte small image",/56T61O_base.jpg,"Bag Tote 6.5x3.5x6.5 Matte thumbnail",,,,,,,,1,0,1,base,0,0,"Imported resource (image) could not be downloaded from external resource due to timeout or access permissions"
56T61P,,Default,simple,"Default Category/Shopping Bags/Place Holder","Bag Tote 6.5x3.5x6.5 Matte","Bag Tote 6.5x3.5x6.5 Matte",,0,1,"Taxable Goods","Catalog, Search",193.64,,,,bag-tote-6.5x3.5x6.5-matte-56T61P,,,,/56T61P_base.jpg,"Bag Tote 6.5x3.5x6.5 Matte base image",/56T61P_base.jpg,"Bag Tote 6.5x3.5x6.5 Matte small image",/56T61P_base.jpg,"Bag Tote 6.5x3.5x6.5 Matte thumbnail",,,,,,,,1,0,1,base,0,0,"Imported resource (image) could not be downloaded from external resource due to timeout or access permissions"
56T61S,,Default,simple,"Default Category/Shopping Bags/Place Holder","Bag Tote 6.5x3.5x6.5 Matte","Bag Tote 6.5x3.5x6.5 Matte",,0,1,"Taxable Goods","Catalog, Search",193.64,,,,bag-tote-6.5x3.5x6.5-matte-56T61S,,,,/56T61S_base.jpg,"Bag Tote 6.5x3.5x6.5 Matte base image",/56T61S_base.jpg,"Bag Tote 6.5x3.5x6.5 Matte small image",/56T61S_base.jpg,"Bag Tote 6.5x3.5x6.5 Matte thumbnail",,,,,,,,1,0,1,base,0,0,"Imported resource (image) could not be downloaded from external resource due to timeout or access permissions"
56T61W,,Default,simple,"Default Category/Shopping Bags/Place Holder","Bag Tote 6.5x3.5x6.5 Matte","Bag Tote 6.5x3.5x6.5 Matte",,0,1,"Taxable Goods","Catalog, Search",185.4,,,,bag-tote-6.5x3.5x6.5-matte-56T61W,,,,/56T61W_base.jpg,"Bag Tote 6.5x3.5x6.5 Matte base image",/56T61W_base.jpg,"Bag Tote 6.5x3.5x6.5 Matte small image",/56T61W_base.jpg,"Bag Tote 6.5x3.5x6.5 Matte thumbnail",,,,,,,,1,0,1,base,0,0,"Imported resource (image) could not be downloaded from external resource due to timeout or access permissions"
56T6AP,,Default,simple,"Default Category/Shopping Bags/Place Holder","Bag Tote 6.5x3.5x6.5 Embossed","Bag Tote 6.5x3.5x6.5 Embossed",,0,1,"Taxable Goods","Catalog, Search",206,,,,bag-tote-6.5x3.5x6.5-embossed-56T6AP,,,,/56T6AP_base.jpg,"Bag Tote 6.5x3.5x6.5 Embossed base image",/56T6AP_base.jpg,"Bag Tote 6.5x3.5x6.5 Embossed small image",/56T6AP_base.jpg,"Bag Tote 6.5x3.5x6.5 Embossed thumbnail",,,,,,,,1,0,1,base,0,0,"Imported resource (image) could not be downloaded from external resource due to timeout or access permissions"
56T6B,,Default,simple,"Default Category/Shopping Bags/Place Holder","Bag Tote 6.5x3.5x6.5 Gloss","Bag Tote 6.5x3.5x6.5 Gloss",,0,1,"Taxable Goods","Catalog, Search",173.04,,,,bag-tote-6.5x3.5x6.5-gloss-56T6B,,,,/56T6B_base.jpg,"Bag Tote 6.5x3.5x6.5 Gloss base image",/56T6B_base.jpg,"Bag Tote 6.5x3.5x6.5 Gloss small image",/56T6B_base.jpg,"Bag Tote 6.5x3.5x6.5 Gloss thumbnail",,,,,,,,1,0,1,base,0,0,"Imported resource (image) could not be downloaded from external resource due to timeout or access permissions"
56T6BC,,Default,simple,"Default Category/Shopping Bags/Place Holder","Bag Tote 6.5x3.5x6.5 Corduroy","Bag Tote 6.5x3.5x6.5 Corduroy",,0,1,"Taxable Goods","Catalog, Search",206,,,,bag-tote-6.5x3.5x6.5-corduroy-56T6BC,,,,/56T6BC_base.jpg,"Bag Tote 6.5x3.5x6.5 Corduroy base image",/56T6BC_base.jpg,"Bag Tote 6.5x3.5x6.5 Corduroy small image",/56T6BC_base.jpg,"Bag Tote 6.5x3.5x6.5 Corduroy thumbnail",,,,,,,,1,0,1,base,0,0,"Imported resource (image) could not be downloaded from external resource due to timeout or access permissions"
56T6BY,,Default,simple,"Default Category/Shopping Bags/Place Holder","Bag Tote 6.5x3.5x6.5 Embossed","Bag Tote 6.5x3.5x6.5 Embossed",,0,1,"Taxable Goods","Catalog, Search",206,,,,bag-tote-6.5x3.5x6.5-embossed-56T6BY,,,,/56T6BY_base.jpg,"Bag Tote 6.5x3.5x6.5 Embossed base image",/56T6BY_base.jpg,"Bag Tote 6.5x3.5x6.5 Embossed small image",/56T6BY_base.jpg,"Bag Tote 6.5x3.5x6.5 Embossed thumbnail",,,,,,,,1,0,1,base,0,0,"Imported resource (image) could not be downloaded from external resource due to timeout or access permissions"
56T6GC,,Default,simple,"Default Category/Shopping Bags/Place Holder","Bag Tote 6.5x3.5x6.5 White","Bag Tote 6.5x3.5x6.5 White",,0,1,"Taxable Goods","Catalog, Search",243.08,,,,bag-tote-6.5x3.5x6.5-white-56T6GC,,,,/56T6GC_base.jpg,"Bag Tote 6.5x3.5x6.5 White base image",/56T6GC_base.jpg,"Bag Tote 6.5x3.5x6.5 White small image",/56T6GC_base.jpg,"Bag Tote 6.5x3.5x6.5 White thumbnail",,,,,,,,1,0,1,base,0,0,"Imported resource (image) could not be downloaded from external resource due to timeout or access permissions"
56T6HG,,Default,simple,"Default Category/Shopping Bags/Place Holder","Bag Tote 6.5x3.5x6.5 Gloss","Bag Tote 6.5x3.5x6.5 Gloss",,0,1,"Taxable Goods","Catalog, Search",173.04,,,,bag-tote-6.5x3.5x6.5-gloss-56T6HG,,,,/56T6HG_base.jpg,"Bag Tote 6.5x3.5x6.5 Gloss base image",/56T6HG_base.jpg,"Bag Tote 6.5x3.5x6.5 Gloss small image",/56T6HG_base.jpg,"Bag Tote 6.5x3.5x6.5 Gloss thumbnail",,,,,,,,1,0,1,base,0,0,"Imported resource (image) could not be downloaded from external resource due to timeout or access permissions"
56T6M,,Default,simple,"Default Category/Shopping Bags/Place Holder","Bag Tote 6.5x3.5x6.5 Gloss","Bag Tote 6.5x3.5x6.5 Gloss",,0,1,"Taxable Goods","Catalog, Search",173.04,,,,bag-tote-6.5x3.5x6.5-gloss-56T6M,,,,/56T6M_base.jpg,"Bag Tote 6.5x3.5x6.5 Gloss base image",/56T6M_base.jpg,"Bag Tote 6.5x3.5x6.5 Gloss small image",/56T6M_base.jpg,"Bag Tote 6.5x3.5x6.5 Gloss thumbnail",,,,,,,,1,0,1,base,0,0,"Imported resource (image) could not be downloaded from external resource due to timeout or access permissions"
56T6MG,,Default,simple,"Default Category/Shopping Bags/Place Holder","Bag Tote 6.5x3.5x6.5 Metallic","Bag Tote 6.5x3.5x6.5 Metallic",,0,1,"Taxable Goods","Catalog, Search",243.08,,,,bag-tote-6.5x3.5x6.5-metallic-56T6MG,,,,/56T6MG_base.jpg,"Bag Tote 6.5x3.5x6.5 Metallic base image",/56T6MG_base.jpg,"Bag Tote 6.5x3.5x6.5 Metallic small image",/56T6MG_base.jpg,"Bag Tote 6.5x3.5x6.5 Metallic thumbnail",,,,,,,,1,0,1,base,0,0,"Imported resource (image) could not be downloaded from external resource due to timeout or access permissions"
56T6MGB,,Default,simple,"Default Category/Shopping Bags/Place Holder","Bag Tote 6.5x3.5x6.5 Embossed","Bag Tote 6.5x3.5x6.5 Embossed",,0,1,"Taxable Goods","Catalog, Search",206,,,,bag-tote-6.5x3.5x6.5-embossed-56T6MGB,,,,/56T6MGB_base.jpg,"Bag Tote 6.5x3.5x6.5 Embossed base image",/56T6MGB_base.jpg,"Bag Tote 6.5x3.5x6.5 Embossed small image",/56T6MGB_base.jpg,"Bag Tote 6.5x3.5x6.5 Embossed thumbnail",,,,,,,,1,0,1,base,0,0,"Imported resource (image) could not be downloaded from external resource due to timeout or access permissions"
56T6NB,,Default,simple,"Default Category/Shopping Bags/Place Holder","Bag Tote 6.5x3.5x6.5 Gloss","Bag Tote 6.5x3.5x6.5 Gloss",,0,1,"Taxable Goods","Catalog, Search",173.04,,,,bag-tote-6.5x3.5x6.5-gloss-56T6NB,,,,/56T6NB_base.jpg,"Bag Tote 6.5x3.5x6.5 Gloss base image",/56T6NB_base.jpg,"Bag Tote 6.5x3.5x6.5 Gloss small image",/56T6NB_base.jpg,"Bag Tote 6.5x3.5x6.5 Gloss thumbnail",,,,,,,,1,0,1,base,0,0,"Imported resource (image) could not be downloaded from external resource due to timeout or access permissions"
56T6NK,,Default,simple,"Default Category/Shopping Bags/Place Holder","Bag Tote 6.5x3.5x6.5 Nat.","Bag Tote 6.5x3.5x6.5 Nat.",,0,1,"Taxable Goods","Catalog, Search",206,,,,bag-tote-6.5x3.5x6.5-nat.-56T6NK,,,,/56T6NK_base.jpg,"Bag Tote 6.5x3.5x6.5 Nat. base image",/56T6NK_base.jpg,"Bag Tote 6.5x3.5x6.5 Nat. small image",/56T6NK_base.jpg,"Bag Tote 6.5x3.5x6.5 Nat. thumbnail",,,,,,,,1,0,1,base,0,0,"Imported resource (image) could not be downloaded from external resource due to timeout or access permissions"
56T6P,,Default,simple,"Default Category/Shopping Bags/Place Holder","Bag Tote 6.5x3.5x6.5 Gloss","Bag Tote 6.5x3.5x6.5 Gloss",,0,1,"Taxable Goods","Catalog, Search",173.04,,,,bag-tote-6.5x3.5x6.5-gloss-56T6P,,,,/56T6P_base.jpg,"Bag Tote 6.5x3.5x6.5 Gloss base image",/56T6P_base.jpg,"Bag Tote 6.5x3.5x6.5 Gloss small image",/56T6P_base.jpg,"Bag Tote 6.5x3.5x6.5 Gloss thumbnail",,,,,,,,1,0,1,base,0,0,"Imported resource (image) could not be downloaded from external resource due to timeout or access permissions"
